SectorID,Start,End,Duration
CO313,2020-37,2021-6,22
CO313,2021-8,2021-13,6
CO316,2020-48,2020-52,5
CO361,2020-46,2020-50,5
FL1,2020-50,2021-1,4
FL10,2018-4,2018-8,5
FL10,2018-52,2019-4,5
FL10,2019-17,2019-24,8
FL10,2019-26,2019-30,5
FL10,2020-8,2020-11,4
FL101,2021-7,2021-13,7
FL103,2018-51,2019-3,5
FL103,2019-7,2019-10,4
FL103,2019-49,2020-7,11
FL103,2020-9,2020-13,5
FL103,2020-15,2020-19,5
FL104,2020-4,2020-8,5
FL105,2018-1,2019-24,76
FL105,2019-26,2020-30,57
FL105,2020-32,2021-13,34
FL106,2020-29,2020-34,6
FL106,2021-10,2021-13,4
FL107,2018-1,2018-7,7
FL107,2018-15,2018-22,8
FL107,2018-26,2018-33,8
FL107,2018-41,2018-44,4
FL107,2018-52,2019-3,4
FL107,2019-20,2019-26,7
FL107,2019-28,2019-32,5
FL107,2020-7,2020-29,23
FL107,2020-31,2020-45,15
FL107,2020-47,2021-1,7
FL107,2021-3,2021-13,11
FL108,2018-2,2018-12,11
FL108,2018-14,2018-17,4
FL108,2018-19,2018-28,10
FL108,2018-30,2018-34,5
FL108,2019-24,2019-32,9
FL108,2019-36,2019-40,5
FL108,2019-42,2020-26,37
FL108,2020-29,2020-47,19
FL108,2020-49,2021-13,17
FL11,2019-19,2019-25,7
FL11,2019-27,2019-30,4
FL11,2020-24,2020-33,10
FL11,2020-49,2021-1,5
FL110,2019-43,2019-46,4
FL110,2019-52,2020-3,4
FL110,2020-15,2020-20,6
FL110,2020-22,2020-28,7
FL111,2018-18,2018-21,4
FL111,2019-36,2019-39,4
FL111,2019-41,2019-44,4
FL111,2020-31,2020-37,7
FL111,2020-39,2020-43,5
FL111,2021-2,2021-13,12
FL112,2019-38,2019-41,4
FL112,2020-1,2020-4,4
FL112,2020-21,2020-25,5
FL112,2020-27,2020-30,4
FL112,2020-34,2020-38,5
FL112,2020-40,2020-46,7
FL112,2020-48,2020-51,4
FL112,2021-3,2021-7,5
FL113,2019-52,2020-5,6
FL113,2020-7,2020-14,8
FL113,2020-20,2020-41,22
FL113,2020-43,2020-52,10
FL113,2021-7,2021-10,4
FL114,2018-1,2018-6,6
FL114,2018-8,2018-29,22
FL114,2019-28,2019-34,7
FL114,2019-36,2019-39,4
FL114,2019-41,2019-44,4
FL114,2020-1,2020-5,5
FL114,2020-7,2020-34,28
FL114,2020-36,2021-13,30
FL115,2018-39,2018-45,7
FL115,2020-24,2020-27,4
FL115,2020-29,2020-38,10
FL115,2020-40,2020-44,5
FL118,2018-1,2018-45,45
FL118,2018-47,2019-32,38
FL118,2019-39,2019-43,5
FL118,2019-47,2020-3,9
FL118,2020-7,2020-13,7
FL118,2020-15,2020-19,5
FL118,2020-21,2020-34,14
FL118,2020-50,2021-11,14
FL119,2018-1,2018-22,22
FL119,2018-27,2018-33,7
FL119,2018-48,2019-26,31
FL119,2019-31,2019-37,7
FL119,2019-52,2020-16,17
FL119,2020-18,2020-31,14
FL119,2021-3,2021-6,4
FL12,2021-9,2021-13,5
FL120,2018-1,2018-11,11
FL120,2018-14,2018-41,28
FL120,2018-43,2019-3,13
FL120,2019-5,2019-11,7
FL120,2019-13,2019-33,21
FL120,2020-3,2020-7,5
FL120,2020-17,2020-22,6
FL120,2020-24,2020-43,20
FL120,2020-51,2021-2,4
FL121,2018-1,2018-15,15
FL121,2018-17,2018-27,11
FL121,2018-32,2018-40,9
FL121,2018-42,2019-3,14
FL121,2019-5,2019-9,5
FL121,2019-11,2019-31,21
FL121,2019-33,2019-38,6
FL121,2019-48,2020-4,9
FL121,2020-38,2020-45,8
FL122,2018-18,2018-24,7
FL122,2018-26,2018-31,6
FL122,2018-50,2019-3,6
FL122,2019-18,2019-24,7
FL122,2019-26,2019-33,8
FL122,2020-7,2020-13,7
FL122,2020-15,2020-23,9
FL123,2020-51,2021-5,7
FL124,2018-26,2018-30,5
FL124,2019-51,2020-3,5
FL124,2020-41,2020-44,4
FL124,2020-47,2020-52,6
FL124,2021-2,2021-5,4
FL126,2020-50,2021-1,4
FL127,2019-19,2019-25,7
FL127,2020-31,2020-36,6
FL127,2021-2,2021-8,7
FL128,2018-1,2018-9,9
FL128,2018-11,2018-22,12
FL128,2018-29,2018-33,5
FL128,2018-39,2018-42,4
FL128,2018-47,2018-52,6
FL128,2019-25,2019-30,6
FL128,2020-4,2020-11,8
FL128,2020-41,2020-44,4
FL128,2020-46,2021-13,20
FL129,2018-4,2018-8,5
FL129,2018-12,2018-49,38
FL129,2019-3,2019-6,4
FL129,2019-16,2019-25,10
FL129,2019-27,2019-32,6
FL129,2019-42,2020-9,20
FL129,2020-15,2020-33,19
FL129,2020-45,2021-7,15
FL13,2018-1,2018-7,7
FL13,2018-9,2018-28,20
FL13,2018-34,2018-42,9
FL13,2018-44,2018-48,5
FL13,2018-50,2019-3,6
FL13,2019-11,2019-24,14
FL13,2019-26,2019-31,6
FL13,2019-40,2019-47,8
FL13,2020-20,2020-25,6
FL13,2020-31,2020-38,8
FL13,2020-42,2021-7,18
FL130,2018-1,2018-8,8
FL130,2018-13,2018-45,33
FL130,2019-43,2019-50,8
FL130,2019-52,2020-3,4
FL130,2020-25,2020-29,5
FL130,2020-33,2020-37,5
FL130,2021-10,2021-13,4
FL131,2018-2,2018-7,6
FL131,2018-43,2018-46,4
FL131,2018-48,2019-1,6
FL131,2019-24,2019-29,6
FL131,2020-3,2020-7,5
FL131,2020-21,2020-32,12
FL131,2020-36,2020-44,9
FL131,2020-52,2021-13,14
FL132,2018-6,2018-21,16
FL132,2018-23,2018-28,6
FL132,2018-37,2018-51,15
FL132,2019-12,2019-27,16
FL132,2019-29,2019-32,4
FL132,2019-40,2019-44,5
FL132,2019-52,2020-5,6
FL132,2020-12,2020-18,7
FL132,2020-20,2020-25,6
FL132,2020-27,2020-34,8
FL132,2021-4,2021-7,4
FL133,2018-3,2018-13,11
FL133,2018-22,2019-2,33
FL133,2019-4,2019-10,7
FL133,2019-12,2019-16,5
FL133,2019-18,2019-33,16
FL133,2019-49,2020-1,5
FL133,2020-3,2020-15,13
FL133,2020-17,2020-29,13
FL133,2020-33,2020-46,14
FL133,2021-3,2021-8,6
FL134,2018-22,2018-26,5
FL134,2018-45,2018-50,6
FL134,2020-19,2020-25,7
FL135,2018-26,2018-30,5
FL135,2018-39,2018-42,4
FL135,2019-14,2019-18,5
FL135,2019-24,2019-27,4
FL135,2019-49,2020-3,7
FL135,2020-9,2020-16,8
FL135,2020-27,2020-31,5
FL135,2020-36,2020-40,5
FL135,2021-2,2021-6,5
FL136,2019-4,2019-7,4
FL136,2019-11,2019-19,9
FL136,2019-25,2019-31,7
FL136,2019-42,2019-45,4
FL136,2019-51,2020-13,15
FL136,2020-49,2021-4,8
FL139,2018-28,2018-31,4
FL14,2018-1,2018-38,38
FL14,2018-40,2019-9,22
FL14,2019-17,2019-23,7
FL14,2019-25,2019-33,9
FL14,2019-43,2020-13,23
FL14,2020-15,2020-18,4
FL14,2020-23,2020-33,11
FL14,2020-35,2021-13,31
FL140,2019-14,2019-17,4
FL140,2019-51,2020-11,13
FL140,2020-13,2021-6,46
FL141,2019-17,2019-20,4
FL142,2019-12,2019-15,4
FL142,2019-21,2019-26,6
FL144,2018-1,2018-8,8
FL144,2018-10,2018-19,10
FL144,2018-21,2018-28,8
FL144,2018-30,2018-40,11
FL144,2018-44,2018-47,4
FL144,2018-52,2019-6,7
FL144,2019-12,2019-17,6
FL144,2019-19,2019-29,11
FL144,2019-31,2019-34,4
FL144,2019-36,2019-47,12
FL144,2019-49,2020-14,18
FL144,2020-16,2020-24,9
FL144,2020-41,2021-13,25
FL145,2018-2,2018-19,18
FL145,2018-24,2018-27,4
FL145,2020-45,2020-48,4
FL145,2021-9,2021-12,4
FL146,2018-6,2018-9,4
FL146,2018-15,2018-21,7
FL146,2018-31,2018-34,4
FL146,2019-5,2019-10,6
FL146,2019-20,2019-24,5
FL146,2019-28,2019-31,4
FL146,2019-42,2019-45,4
FL146,2020-11,2020-18,8
FL146,2020-20,2020-25,6
FL146,2020-39,2020-43,5
FL146,2020-45,2021-13,21
FL147,2018-42,2018-48,7
FL147,2019-5,2019-10,6
FL147,2019-13,2019-16,4
FL147,2019-24,2019-28,5
FL147,2020-2,2020-13,12
FL147,2021-3,2021-13,11
FL148,2018-3,2018-6,4
FL148,2020-42,2020-45,4
FL149,2018-4,2018-10,7
FL149,2018-21,2018-24,4
FL149,2018-34,2018-37,4
FL149,2020-1,2020-5,5
FL149,2020-22,2020-25,4
FL149,2021-5,2021-12,8
FL15,2018-1,2018-27,27
FL15,2018-39,2018-42,4
FL15,2018-47,2019-3,9
FL15,2019-26,2019-29,4
FL15,2020-1,2020-15,15
FL15,2020-23,2020-34,12
FL15,2020-42,2020-45,4
FL15,2020-48,2020-51,4
FL15,2021-3,2021-13,11
FL153,2020-41,2020-44,4
FL155,2019-52,2020-4,5
FL155,2020-13,2020-16,4
FL155,2020-18,2020-22,5
FL155,2020-27,2020-32,6
FL155,2020-35,2020-38,4
FL155,2020-40,2020-50,11
FL155,2020-52,2021-13,14
FL157,2020-38,2021-1,16
FL158,2018-29,2018-32,4
FL158,2020-22,2020-27,6
FL159,2018-12,2018-17,6
FL159,2018-20,2018-25,6
FL159,2020-6,2020-11,6
FL159,2020-40,2020-43,4
FL159,2021-4,2021-7,4
FL159,2021-9,2021-13,5
FL16,2018-15,2018-21,7
FL16,2018-23,2018-30,8
FL16,2018-41,2019-1,13
FL16,2019-3,2019-6,4
FL16,2019-17,2019-33,17
FL16,2019-43,2019-46,4
FL16,2020-2,2020-8,7
FL16,2020-16,2020-30,15
FL16,2020-47,2020-51,5
FL16,2021-1,2021-13,13
FL160,2018-1,2018-22,22
FL160,2018-24,2018-33,10
FL160,2018-36,2018-42,7
FL160,2018-51,2019-2,4
FL160,2019-18,2019-23,6
FL160,2019-27,2019-30,4
FL160,2019-32,2019-48,17
FL160,2019-50,2020-20,23
FL160,2020-22,2020-26,5
FL160,2020-28,2021-3,28
FL160,2021-5,2021-13,9
FL161,2018-1,2018-17,17
FL161,2019-4,2019-10,7
FL161,2019-16,2019-27,12
FL161,2020-1,2020-5,5
FL161,2020-20,2020-36,17
FL161,2020-38,2020-51,14
FL161,2021-1,2021-13,13
FL162,2020-2,2020-5,4
FL162,2020-19,2020-23,5
FL162,2020-43,2021-10,20
FL163,2019-16,2019-20,5
FL164,2018-49,2019-1,5
FL164,2019-18,2019-24,7
FL164,2019-26,2019-32,7
FL164,2019-42,2019-46,5
FL164,2020-5,2020-9,5
FL164,2021-4,2021-7,4
FL166,2018-3,2018-8,6
FL166,2018-19,2018-23,5
FL166,2018-25,2018-30,6
FL166,2018-34,2018-43,10
FL166,2019-22,2019-29,8
FL166,2019-50,2020-3,6
FL167,2020-6,2020-14,9
FL167,2020-17,2020-24,8
FL167,2020-46,2020-52,7
FL168,2018-4,2018-7,4
FL168,2018-27,2018-34,8
FL168,2018-49,2018-52,4
FL168,2019-48,2019-51,4
FL17,2018-1,2018-15,15
FL17,2018-17,2018-30,14
FL17,2018-32,2018-52,21
FL17,2019-2,2019-7,6
FL17,2019-16,2019-29,14
FL17,2019-42,2020-8,19
FL17,2020-46,2020-50,5
FL17,2021-2,2021-6,5
FL171,2018-11,2018-15,5
FL171,2018-22,2018-27,6
FL171,2019-19,2019-27,9
FL171,2020-16,2020-20,5
FL172,2018-13,2018-17,5
FL172,2018-19,2018-23,5
FL172,2018-25,2018-29,5
FL172,2018-31,2018-39,9
FL172,2018-45,2019-1,9
FL172,2019-9,2019-23,15
FL172,2020-3,2021-4,54
FL173,2018-3,2018-6,4
FL173,2019-19,2019-23,5
FL173,2020-19,2020-23,5
FL173,2021-7,2021-11,5
FL174,2018-43,2018-47,5
FL174,2018-49,2019-3,7
FL174,2019-43,2019-49,7
FL174,2020-15,2020-27,13
FL174,2020-38,2021-13,28
FL175,2018-1,2018-15,15
FL175,2019-42,2019-45,4
FL175,2020-20,2020-27,8
FL176,2018-41,2018-45,5
FL176,2019-19,2019-28,10
FL176,2020-13,2020-19,7
FL176,2020-21,2020-24,4
FL176,2020-28,2020-33,6
FL176,2020-35,2021-6,24
FL176,2021-8,2021-11,4
FL177,2018-39,2018-43,5
FL178,2018-18,2018-22,5
FL178,2018-33,2018-46,14
FL178,2018-48,2018-51,4
FL178,2019-7,2019-13,7
FL178,2019-16,2019-20,5
FL178,2019-25,2019-31,7
FL178,2019-44,2019-49,6
FL178,2019-51,2020-5,7
FL178,2020-26,2020-29,4
FL178,2021-1,2021-11,11
FL18,2018-4,2018-7,4
FL18,2018-9,2018-24,16
FL18,2018-40,2019-2,15
FL18,2019-10,2019-29,20
FL18,2019-31,2019-36,6
FL18,2019-47,2020-3,9
FL18,2020-24,2020-28,5
FL18,2020-38,2020-42,5
FL18,2020-44,2021-13,22
FL181,2018-10,2018-18,9
FL181,2018-24,2018-28,5
FL181,2019-21,2019-28,8
FL181,2019-50,2020-4,7
FL181,2020-10,2020-13,4
FL181,2020-18,2020-23,6
FL181,2020-25,2020-28,4
FL181,2020-50,2021-1,4
FL181,2021-7,2021-11,5
FL182,2018-7,2018-10,4
FL182,2018-19,2018-23,5
FL182,2018-35,2018-42,8
FL182,2018-45,2018-48,4
FL182,2018-50,2019-3,6
FL182,2020-1,2020-6,6
FL182,2020-8,2020-11,4
FL182,2020-13,2020-16,4
FL182,2020-27,2020-30,4
FL182,2020-32,2020-37,6
FL182,2020-43,2020-52,10
FL182,2021-2,2021-7,6
FL183,2018-2,2018-8,7
FL183,2018-11,2018-14,4
FL183,2018-19,2018-29,11
FL183,2018-31,2018-35,5
FL183,2018-37,2018-41,5
FL183,2018-48,2018-52,5
FL183,2019-21,2019-29,9
FL183,2019-48,2019-51,4
FL183,2020-1,2020-6,6
FL183,2020-11,2020-16,6
FL183,2020-23,2020-28,6
FL183,2020-51,2021-4,6
FL183,2021-7,2021-13,7
FL184,2021-3,2021-8,6
FL184,2021-10,2021-13,4
FL185,2018-25,2018-28,4
FL19,2018-1,2018-28,28
FL19,2018-31,2018-34,4
FL19,2018-37,2018-46,10
FL19,2018-48,2018-51,4
FL19,2019-1,2019-6,6
FL19,2019-19,2019-31,13
FL19,2019-36,2019-39,4
FL19,2019-41,2019-47,7
FL19,2019-51,2020-11,13
FL19,2020-13,2021-13,53
FL190,2018-3,2018-12,10
FL190,2018-17,2018-33,17
FL190,2018-36,2018-42,7
FL190,2019-18,2019-21,4
FL190,2019-23,2019-29,7
FL190,2019-33,2019-37,5
FL190,2019-50,2020-5,8
FL190,2020-7,2020-45,39
FL190,2020-47,2021-1,7
FL190,2021-3,2021-13,11
FL195,2018-1,2018-12,12
FL195,2018-14,2018-28,15
FL195,2020-7,2020-13,7
FL195,2020-19,2020-25,7
FL195,2020-49,2021-1,5
FL196,2018-7,2018-11,5
FL197,2018-3,2018-6,4
FL197,2018-8,2018-14,7
FL197,2018-16,2018-20,5
FL197,2019-51,2020-6,8
FL197,2020-39,2021-1,15
FL197,2021-3,2021-13,11
FL199,2019-46,2019-49,4
FL199,2020-21,2020-32,12
FL199,2020-41,2020-44,4
FL199,2020-49,2021-4,8
FL2,2018-17,2018-20,4
FL2,2018-22,2018-25,4
FL2,2019-19,2019-31,13
FL2,2019-33,2019-37,5
FL2,2019-48,2019-52,5
FL2,2020-20,2020-30,11
FL2,2020-34,2021-13,32
FL20,2018-3,2018-11,9
FL20,2018-13,2018-21,9
FL20,2018-23,2018-29,7
FL20,2018-35,2018-40,6
FL20,2020-19,2020-28,10
FL20,2020-30,2020-36,7
FL20,2020-38,2020-41,4
FL20,2020-45,2021-13,21
FL200,2018-1,2018-52,52
FL200,2019-16,2019-24,9
FL200,2019-26,2019-32,7
FL200,2020-9,2020-12,4
FL200,2020-16,2020-21,6
FL200,2020-23,2020-44,22
FL200,2020-48,2021-13,18
FL201,2018-1,2018-22,22
FL201,2018-28,2018-33,6
FL201,2018-38,2018-42,5
FL201,2018-44,2018-51,8
FL201,2019-18,2019-22,5
FL201,2019-26,2019-31,6
FL201,2020-22,2020-25,4
FL201,2020-47,2021-8,14
FL203,2018-4,2018-7,4
FL203,2018-9,2018-16,8
FL203,2018-28,2018-31,4
FL203,2018-41,2018-44,4
FL203,2018-51,2019-4,6
FL203,2019-18,2019-22,5
FL203,2020-6,2020-9,4
FL203,2021-3,2021-6,4
FL204,2018-33,2018-36,4
FL204,2019-26,2019-29,4
FL204,2019-45,2020-28,36
FL204,2020-37,2020-42,6
FL205,2020-22,2020-25,4
FL205,2020-51,2021-2,4
FL206,2018-1,2018-6,6
FL206,2018-13,2018-20,8
FL206,2018-24,2018-33,10
FL206,2018-38,2018-41,4
FL206,2018-47,2019-3,9
FL206,2019-46,2019-49,4
FL206,2020-22,2020-30,9
FL206,2020-42,2020-46,5
FL206,2021-3,2021-8,6
FL206,2021-10,2021-13,4
FL207,2018-1,2018-6,6
FL207,2018-15,2018-20,6
FL207,2018-23,2018-52,30
FL207,2020-21,2020-28,8
FL207,2020-30,2020-44,15
FL207,2020-46,2021-13,20
FL208,2018-2,2018-10,9
FL208,2018-29,2018-34,6
FL209,2018-14,2018-18,5
FL209,2018-24,2018-28,5
FL209,2018-40,2018-44,5
FL209,2019-27,2019-30,4
FL209,2020-28,2020-33,6
FL209,2020-43,2020-46,4
FL209,2020-48,2021-1,6
FL209,2021-3,2021-10,8
FL21,2018-16,2018-20,5
FL21,2018-23,2018-26,4
FL21,2018-36,2018-49,14
FL21,2020-24,2020-28,5
FL21,2020-33,2020-38,6
FL21,2020-42,2020-45,4
FL21,2020-50,2021-2,5
FL21,2021-4,2021-13,10
FL210,2018-1,2018-27,27
FL210,2018-29,2018-35,7
FL210,2018-40,2018-49,10
FL210,2018-51,2019-4,6
FL210,2019-21,2019-25,5
FL210,2019-44,2019-47,4
FL210,2019-52,2020-4,5
FL210,2020-27,2020-33,7
FL210,2020-41,2020-50,10
FL210,2020-52,2021-10,11
FL211,2018-1,2018-7,7
FL211,2018-12,2019-3,44
FL211,2019-19,2019-29,11
FL211,2019-36,2020-9,26
FL211,2020-20,2020-31,12
FL211,2020-35,2021-8,26
FL211,2021-10,2021-13,4
FL212,2018-1,2018-9,9
FL212,2018-11,2018-19,9
FL212,2018-23,2018-29,7
FL212,2018-31,2018-42,12
FL212,2018-45,2018-51,7
FL212,2019-3,2019-6,4
FL212,2019-22,2019-25,4
FL212,2019-47,2019-50,4
FL212,2020-27,2020-34,8
FL212,2020-41,2020-44,4
FL212,2020-47,2021-12,18
FL213,2019-11,2019-14,4
FL213,2019-23,2019-29,7
FL213,2020-16,2020-19,4
FL213,2020-35,2020-43,9
FL213,2020-51,2021-2,4
FL213,2021-4,2021-13,10
FL214,2019-17,2019-21,5
FL214,2020-13,2020-17,5
FL214,2020-41,2020-44,4
FL214,2020-48,2021-1,6
FL215,2020-46,2020-49,4
FL216,2018-19,2018-30,12
FL216,2018-45,2019-3,11
FL216,2019-22,2019-25,4
FL216,2019-41,2019-45,5
FL216,2019-47,2020-2,8
FL216,2020-4,2020-7,4
FL216,2021-4,2021-8,5
FL217,2018-10,2018-14,5
FL217,2018-16,2018-33,18
FL217,2018-46,2018-51,6
FL217,2019-23,2019-31,9
FL217,2019-50,2020-6,9
FL217,2020-23,2020-30,8
FL217,2020-43,2021-13,23
FL218,2018-4,2018-9,6
FL218,2018-20,2018-28,9
FL218,2018-30,2018-35,6
FL218,2019-50,2020-2,5
FL218,2020-25,2020-32,8
FL218,2020-34,2020-37,4
FL218,2020-41,2021-13,25
FL219,2018-20,2018-27,8
FL219,2020-21,2020-28,8
FL219,2020-46,2021-13,20
FL22,2019-49,2020-3,7
FL22,2020-5,2020-9,5
FL22,2020-36,2021-13,30
FL220,2018-1,2018-8,8
FL220,2018-12,2018-20,9
FL220,2018-22,2018-26,5
FL220,2018-37,2018-42,6
FL220,2018-44,2018-47,4
FL220,2019-22,2019-28,7
FL220,2020-26,2020-31,6
FL220,2020-37,2020-40,4
FL220,2020-42,2020-48,7
FL220,2021-4,2021-7,4
FL221,2018-5,2018-9,5
FL221,2018-11,2018-14,4
FL221,2018-23,2018-27,5
FL221,2020-19,2020-24,6
FL221,2020-26,2020-29,4
FL221,2021-8,2021-13,6
FL222,2018-15,2018-31,17
FL222,2018-50,2019-2,5
FL222,2019-14,2019-17,4
FL222,2019-19,2019-24,6
FL222,2020-3,2020-6,4
FL222,2020-10,2020-13,4
FL222,2020-15,2020-23,9
FL222,2020-36,2020-43,8
FL222,2020-51,2021-4,6
FL222,2021-8,2021-13,6
FL223,2018-1,2018-10,10
FL223,2018-12,2019-31,72
FL223,2019-43,2021-11,73
FL224,2018-2,2018-6,5
FL224,2018-13,2018-20,8
FL224,2018-34,2018-37,4
FL224,2018-41,2019-1,13
FL224,2019-40,2020-5,18
FL224,2020-33,2020-37,5
FL224,2021-3,2021-8,6
FL224,2021-10,2021-13,4
FL225,2018-1,2018-10,10
FL225,2018-12,2019-8,49
FL225,2019-10,2019-13,4
FL225,2019-27,2019-32,6
FL225,2019-40,2019-50,11
FL225,2019-52,2020-6,7
FL225,2020-8,2020-12,5
FL225,2020-24,2020-28,5
FL225,2020-33,2020-36,4
FL225,2020-46,2021-7,14
FL226,2018-8,2018-16,9
FL226,2018-18,2018-22,5
FL226,2018-44,2018-52,9
FL226,2019-8,2019-14,7
FL226,2019-16,2019-32,17
FL226,2019-42,2020-5,16
FL226,2020-20,2020-33,14
FL226,2020-38,2020-45,8
FL227,2018-9,2018-34,26
FL227,2018-36,2019-28,45
FL227,2019-52,2020-6,7
FL227,2020-14,2020-45,32
FL227,2020-47,2021-6,12
FL227,2021-8,2021-13,6
FL228,2018-1,2018-5,5
FL228,2018-11,2018-34,24
FL228,2018-37,2018-48,12
FL228,2018-50,2019-3,6
FL228,2019-5,2019-9,5
FL228,2019-13,2019-17,5
FL228,2019-21,2019-29,9
FL228,2019-45,2019-50,6
FL228,2019-52,2020-6,7
FL228,2020-23,2020-35,13
FL228,2020-50,2021-10,13
FL229,2018-16,2018-22,7
FL229,2018-24,2019-5,34
FL229,2019-8,2019-11,4
FL229,2019-13,2019-17,5
FL229,2019-19,2019-27,9
FL229,2019-43,2019-46,4
FL229,2019-52,2020-32,33
FL229,2020-48,2021-13,18
FL23,2019-27,2019-30,4
FL23,2019-52,2020-4,5
FL23,2020-6,2020-9,4
FL23,2020-21,2020-27,7
FL23,2020-29,2020-36,8
FL23,2020-38,2020-42,5
FL23,2020-46,2020-49,4
FL23,2020-51,2021-7,9
FL230,2018-14,2018-17,4
FL230,2018-48,2019-6,11
FL230,2019-15,2019-24,10
FL230,2019-39,2019-50,12
FL230,2020-4,2020-8,5
FL230,2020-35,2020-40,6
FL230,2021-7,2021-10,4
FL231,2018-21,2018-25,5
FL231,2018-34,2018-37,4
FL231,2018-43,2018-47,5
FL231,2019-1,2019-4,4
FL231,2019-42,2019-51,10
FL231,2020-22,2020-26,5
FL231,2020-28,2020-31,4
FL231,2020-33,2021-13,33
FL232,2018-36,2019-4,21
FL232,2019-11,2019-14,4
FL232,2019-16,2019-20,5
FL232,2019-32,2019-40,9
FL232,2019-46,2019-49,4
FL232,2019-51,2020-6,8
FL232,2020-15,2020-34,20
FL232,2020-36,2020-43,8
FL233,2018-1,2018-4,4
FL233,2018-18,2018-52,35
FL233,2019-25,2019-29,5
FL233,2019-31,2019-34,4
FL233,2019-38,2019-42,5
FL233,2019-50,2020-8,11
FL233,2020-19,2020-33,15
FL233,2020-35,2021-6,24
FL233,2021-8,2021-13,6
FL234,2018-1,2018-31,31
FL234,2018-36,2019-43,60
FL234,2019-45,2020-6,14
FL234,2020-8,2021-10,55
FL235,2018-3,2018-9,7
FL235,2018-15,2018-24,10
FL235,2018-30,2018-34,5
FL235,2018-36,2018-40,5
FL235,2018-42,2018-51,10
FL235,2019-7,2019-34,28
FL235,2019-46,2019-49,4
FL235,2019-51,2021-13,67
FL237,2018-26,2018-32,7
FL237,2018-48,2018-52,5
FL237,2019-5,2019-11,7
FL237,2019-19,2019-24,6
FL237,2020-51,2021-2,4
FL238,2018-1,2018-5,5
FL238,2018-18,2018-21,4
FL238,2020-15,2020-19,5
FL238,2020-21,2020-25,5
FL238,2020-29,2020-32,4
FL238,2020-34,2020-37,4
FL238,2020-41,2021-11,23
FL239,2018-1,2018-20,20
FL239,2018-44,2018-47,4
FL239,2019-42,2019-46,5
FL239,2019-48,2020-7,12
FL239,2020-11,2021-3,45
FL239,2021-5,2021-13,9
FL24,2018-5,2018-8,4
FL24,2019-2,2019-5,4
FL24,2019-29,2019-32,4
FL24,2021-10,2021-13,4
FL240,2018-1,2018-11,11
FL240,2018-13,2018-21,9
FL240,2018-24,2018-31,8
FL240,2018-33,2018-41,9
FL240,2018-46,2018-52,7
FL240,2019-9,2019-23,15
FL240,2019-25,2019-29,5
FL240,2019-31,2019-34,4
FL240,2020-29,2021-13,37
FL241,2018-1,2018-8,8
FL241,2018-10,2018-34,25
FL241,2018-40,2018-46,7
FL241,2018-52,2019-4,5
FL241,2019-15,2019-18,4
FL241,2019-21,2019-27,7
FL241,2019-43,2020-9,19
FL241,2020-11,2020-14,4
FL241,2020-20,2020-34,15
FL241,2020-36,2021-13,30
FL242,2018-1,2018-10,10
FL242,2018-12,2018-41,30
FL242,2018-43,2019-4,14
FL242,2019-8,2019-12,5
FL242,2019-14,2019-27,14
FL242,2019-29,2019-32,4
FL242,2020-5,2020-9,5
FL242,2020-15,2020-23,9
FL242,2020-25,2021-13,41
FL243,2020-19,2020-33,15
FL243,2020-36,2020-44,9
FL243,2020-46,2021-1,8
FL243,2021-9,2021-13,5
FL244,2019-18,2019-22,5
FL244,2019-26,2019-32,7
FL244,2019-42,2019-45,4
FL244,2019-52,2021-13,66
FL245,2018-1,2018-6,6
FL245,2018-19,2018-25,7
FL245,2018-35,2018-42,8
FL245,2018-44,2019-6,15
FL245,2019-12,2019-23,12
FL245,2019-25,2020-7,35
FL245,2020-9,2021-13,57
FL246,2018-8,2018-16,9
FL246,2018-30,2018-33,4
FL246,2018-36,2018-41,6
FL246,2018-44,2019-3,12
FL246,2019-9,2019-28,20
FL246,2019-41,2019-45,5
FL246,2020-4,2020-12,9
FL246,2020-19,2020-29,11
FL246,2020-31,2020-34,4
FL246,2020-39,2020-43,5
FL246,2020-50,2021-1,4
FL247,2018-1,2018-6,6
FL247,2018-8,2018-12,5
FL247,2018-14,2018-30,17
FL247,2018-46,2019-34,41
FL247,2019-40,2019-44,5
FL247,2019-46,2019-50,5
FL247,2019-52,2020-6,7
FL247,2020-8,2020-30,23
FL247,2020-32,2020-35,4
FL247,2020-37,2021-13,29
FL248,2018-40,2018-47,8
FL248,2019-1,2019-4,4
FL248,2019-10,2019-20,11
FL248,2019-22,2019-29,8
FL248,2019-31,2019-34,4
FL248,2019-41,2019-44,4
FL248,2019-51,2020-4,6
FL248,2020-6,2020-13,8
FL248,2020-19,2020-31,13
FL248,2020-47,2020-51,5
FL249,2018-3,2018-7,5
FL249,2018-9,2018-20,12
FL249,2018-22,2018-26,5
FL249,2018-43,2018-52,10
FL249,2019-4,2019-11,8
FL249,2019-13,2019-21,9
FL249,2020-1,2020-5,5
FL249,2020-7,2020-13,7
FL249,2020-15,2020-32,18
FL249,2020-34,2021-13,32
FL25,2018-19,2018-39,21
FL25,2019-10,2019-16,7
FL25,2019-19,2019-22,4
FL25,2019-24,2019-29,6
FL25,2019-39,2019-46,8
FL25,2020-1,2020-6,6
FL25,2020-18,2020-28,11
FL25,2020-30,2020-34,5
FL25,2020-50,2021-10,13
FL250,2018-1,2018-9,9
FL250,2018-13,2018-17,5
FL250,2018-19,2018-27,9
FL250,2018-29,2018-34,6
FL250,2018-41,2019-21,33
FL250,2020-1,2020-15,15
FL250,2020-33,2020-37,5
FL250,2020-49,2021-6,10
FL251,2018-50,2019-2,5
FL251,2020-41,2020-47,7
FL252,2018-8,2018-13,6
FL252,2018-15,2018-22,8
FL252,2018-24,2018-35,12
FL252,2018-43,2019-3,13
FL252,2019-11,2019-25,15
FL252,2020-14,2020-17,4
FL252,2020-37,2020-42,6
FL253,2018-47,2019-2,8
FL253,2019-14,2019-18,5
FL253,2019-20,2019-23,4
FL253,2019-48,2019-51,4
FL253,2020-1,2020-5,5
FL253,2020-14,2020-18,5
FL253,2020-23,2020-32,10
FL253,2020-41,2020-44,4
FL254,2018-39,2018-46,8
FL254,2018-48,2019-4,9
FL254,2019-8,2019-11,4
FL254,2019-13,2019-26,14
FL254,2019-28,2019-35,8
FL254,2019-42,2020-1,12
FL254,2020-3,2020-7,5
FL254,2020-14,2020-18,5
FL254,2020-23,2020-32,10
FL254,2020-34,2020-45,12
FL254,2020-50,2021-2,5
FL254,2021-7,2021-13,7
FL255,2018-2,2018-10,9
FL255,2018-16,2018-20,5
FL255,2018-24,2018-31,8
FL255,2018-35,2018-38,4
FL255,2018-47,2019-1,7
FL255,2019-25,2019-32,8
FL255,2020-23,2020-31,9
FL255,2020-39,2021-3,17
FL255,2021-5,2021-13,9
FL256,2018-5,2018-10,6
FL256,2018-13,2018-20,8
FL256,2018-25,2018-28,4
FL256,2018-42,2019-6,17
FL256,2019-9,2019-22,14
FL256,2019-24,2019-28,5
FL256,2019-30,2019-33,4
FL256,2020-17,2021-3,39
FL256,2021-5,2021-13,9
FL257,2018-4,2018-9,6
FL257,2018-11,2018-31,21
FL257,2018-33,2018-38,6
FL257,2018-40,2018-44,5
FL257,2018-46,2019-7,14
FL257,2019-11,2019-14,4
FL257,2019-23,2019-33,11
FL257,2019-45,2019-48,4
FL257,2020-6,2020-9,4
FL257,2020-23,2020-30,8
FL257,2020-32,2020-41,10
FL257,2020-43,2020-48,6
FL257,2020-50,2021-1,4
FL257,2021-3,2021-13,11
FL258,2018-1,2019-12,64
FL258,2019-14,2019-23,10
FL258,2019-27,2019-34,8
FL258,2019-43,2019-46,4
FL258,2020-1,2020-5,5
FL258,2020-7,2020-14,8
FL258,2020-16,2020-26,11
FL258,2020-28,2021-13,38
FL259,2018-1,2018-25,25
FL259,2018-27,2018-42,16
FL259,2018-44,2019-8,17
FL259,2019-24,2019-29,6
FL259,2019-49,2020-13,17
FL259,2020-21,2020-34,14
FL259,2020-36,2020-40,5
FL259,2020-43,2020-49,7
FL259,2020-51,2021-13,15
FL26,2018-7,2018-11,5
FL26,2018-13,2018-29,17
FL26,2018-39,2018-46,8
FL26,2018-49,2019-1,5
FL26,2019-22,2019-25,4
FL26,2019-42,2019-50,9
FL26,2020-7,2020-12,6
FL26,2020-20,2020-23,4
FL260,2018-15,2018-20,6
FL260,2018-24,2018-27,4
FL260,2019-52,2020-4,5
FL261,2018-1,2018-8,8
FL261,2018-11,2018-34,24
FL261,2018-46,2019-2,9
FL261,2019-14,2019-18,5
FL261,2019-22,2019-26,5
FL261,2019-38,2019-45,8
FL261,2019-47,2020-9,15
FL261,2020-14,2020-44,31
FL261,2020-46,2020-49,4
FL262,2018-44,2018-47,4
FL262,2019-11,2019-20,10
FL262,2019-42,2019-45,4
FL262,2020-1,2020-4,4
FL262,2020-25,2020-28,4
FL262,2020-30,2020-35,6
FL262,2020-37,2021-4,20
FL264,2018-1,2018-23,23
FL264,2018-25,2018-35,11
FL264,2018-38,2019-4,19
FL264,2019-13,2019-17,5
FL264,2019-19,2019-24,6
FL264,2019-26,2019-29,4
FL264,2019-31,2019-34,4
FL264,2019-45,2019-52,8
FL264,2020-10,2020-14,5
FL264,2020-16,2020-19,4
FL264,2020-32,2020-40,9
FL264,2020-44,2020-50,7
FL264,2020-52,2021-13,14
FL265,2018-9,2019-4,48
FL265,2019-12,2019-16,5
FL265,2019-18,2019-38,21
FL265,2019-41,2020-4,16
FL265,2020-22,2020-32,11
FL265,2020-37,2021-13,29
FL267,2018-10,2018-13,4
FL267,2018-20,2018-24,5
FL267,2018-52,2019-4,5
FL267,2019-19,2019-22,4
FL267,2020-6,2020-9,4
FL267,2020-11,2020-16,6
FL267,2020-25,2020-29,5
FL267,2020-39,2020-43,5
FL268,2019-20,2019-23,4
FL27,2018-3,2018-27,25
FL27,2018-32,2018-39,8
FL27,2018-49,2019-3,7
FL27,2019-14,2019-33,20
FL27,2019-41,2020-19,31
FL27,2020-27,2020-45,19
FL27,2020-50,2021-13,16
FL270,2018-21,2018-26,6
FL270,2020-52,2021-3,4
FL272,2018-11,2018-15,5
FL272,2018-17,2019-8,44
FL272,2019-10,2019-13,4
FL272,2019-15,2019-31,17
FL272,2019-35,2019-40,6
FL272,2019-42,2020-12,23
FL272,2020-14,2020-41,28
FL272,2020-45,2020-49,5
FL272,2020-51,2021-6,8
FL273,2018-28,2018-33,6
FL273,2018-37,2018-52,16
FL273,2019-14,2019-17,4
FL273,2019-23,2019-26,4
FL273,2019-28,2019-33,6
FL273,2019-40,2019-47,8
FL273,2020-24,2020-28,5
FL273,2020-34,2021-11,30
FL274,2018-28,2018-32,5
FL274,2019-18,2019-21,4
FL274,2019-23,2019-26,4
FL274,2020-25,2020-30,6
FL274,2020-32,2020-36,5
FL274,2020-38,2020-42,5
FL274,2020-48,2020-51,4
FL275,2018-15,2018-23,9
FL275,2018-40,2018-43,4
FL275,2018-45,2018-48,4
FL275,2018-52,2019-5,6
FL275,2019-14,2019-20,7
FL275,2019-45,2020-2,10
FL275,2020-4,2020-7,4
FL275,2020-10,2020-15,6
FL275,2020-19,2020-25,7
FL275,2020-27,2020-32,6
FL275,2020-34,2020-40,7
FL275,2020-42,2021-13,24
FL276,2018-1,2018-4,4
FL276,2018-10,2018-15,6
FL276,2018-30,2018-35,6
FL276,2018-43,2018-46,4
FL276,2020-19,2020-22,4
FL276,2020-24,2020-27,4
FL276,2020-33,2021-13,33
FL277,2018-4,2018-7,4
FL277,2018-33,2018-40,8
FL277,2018-47,2018-52,6
FL277,2019-11,2019-16,6
FL277,2019-41,2019-44,4
FL277,2020-1,2020-4,4
FL277,2020-37,2020-44,8
FL277,2020-48,2021-13,18
FL278,2018-23,2018-26,4
FL278,2018-51,2019-2,4
FL279,2018-26,2018-32,7
FL28,2018-3,2018-6,4
FL28,2018-15,2018-19,5
FL28,2020-15,2020-19,5
FL28,2020-50,2021-13,16
FL280,2018-7,2018-14,8
FL280,2018-31,2018-34,4
FL280,2018-36,2018-48,13
FL280,2018-50,2019-2,5
FL280,2019-12,2019-24,13
FL284,2018-38,2018-47,10
FL284,2019-24,2019-27,4
FL285,2018-1,2018-12,12
FL285,2018-14,2018-24,11
FL285,2018-41,2019-2,14
FL285,2019-4,2019-7,4
FL285,2019-13,2019-36,24
FL285,2019-41,2020-12,24
FL285,2020-14,2020-29,16
FL285,2020-38,2020-41,4
FL285,2020-43,2020-51,9
FL285,2021-1,2021-7,7
FL287,2018-25,2018-28,4
FL287,2020-28,2020-31,4
FL287,2020-37,2020-41,5
FL287,2020-45,2020-50,6
FL288,2018-1,2018-28,28
FL288,2018-30,2018-40,11
FL288,2018-42,2018-51,10
FL288,2019-1,2019-4,4
FL288,2019-6,2019-14,9
FL288,2019-16,2019-30,15
FL288,2019-46,2019-51,6
FL288,2020-19,2020-33,15
FL288,2020-35,2020-41,7
FL288,2020-45,2021-13,21
FL289,2018-5,2018-26,22
FL289,2018-28,2018-31,4
FL289,2018-41,2018-45,5
FL289,2018-47,2019-6,12
FL289,2019-23,2019-27,5
FL289,2019-29,2019-32,4
FL289,2019-42,2019-50,9
FL289,2020-6,2020-9,4
FL289,2020-27,2020-34,8
FL289,2020-36,2021-10,27
FL29,2018-1,2018-6,6
FL29,2018-15,2018-20,6
FL29,2018-27,2018-30,4
FL29,2018-40,2018-44,5
FL29,2020-28,2020-32,5
FL29,2020-37,2020-40,4
FL29,2020-49,2021-8,12
FL290,2018-18,2018-27,10
FL290,2018-43,2018-50,8
FL290,2019-15,2019-18,4
FL290,2019-41,2020-3,15
FL290,2020-47,2020-51,5
FL290,2021-2,2021-13,12
FL291,2019-9,2019-12,4
FL291,2019-24,2019-28,5
FL292,2018-1,2018-32,32
FL292,2018-35,2019-10,28
FL292,2019-12,2019-15,4
FL292,2019-17,2019-27,11
FL292,2019-45,2020-8,16
FL292,2020-10,2020-21,12
FL292,2020-23,2020-31,9
FL292,2020-33,2020-37,5
FL292,2020-43,2021-2,12
FL292,2021-4,2021-13,10
FL293,2018-6,2018-9,4
FL293,2018-28,2018-33,6
FL293,2018-42,2018-49,8
FL293,2018-51,2019-3,5
FL293,2019-23,2019-29,7
FL293,2019-35,2019-38,4
FL293,2019-40,2019-47,8
FL293,2020-32,2020-36,5
FL293,2020-49,2020-52,4
FL293,2021-10,2021-13,4
FL294,2018-3,2018-9,7
FL294,2018-11,2018-15,5
FL294,2018-45,2019-5,13
FL294,2019-46,2019-49,4
FL294,2020-23,2020-30,8
FL294,2020-32,2020-37,6
FL294,2020-50,2021-13,16
FL295,2018-1,2019-4,56
FL295,2019-15,2019-18,4
FL295,2019-22,2019-36,15
FL295,2019-40,2020-24,37
FL295,2020-26,2020-29,4
FL295,2020-34,2021-13,32
FL296,2018-1,2018-32,32
FL296,2018-36,2019-2,19
FL296,2019-26,2019-29,4
FL296,2019-41,2019-46,6
FL296,2019-50,2020-5,8
FL296,2020-9,2020-12,4
FL297,2018-14,2018-19,6
FL297,2018-22,2018-27,6
FL298,2018-6,2018-16,11
FL298,2018-20,2018-25,6
FL298,2019-18,2019-21,4
FL298,2019-23,2019-36,14
FL298,2020-3,2020-6,4
FL298,2020-39,2020-47,9
FL298,2020-52,2021-4,5
FL299,2020-41,2020-45,5
FL299,2020-47,2020-50,4
FL30,2020-30,2020-36,7
FL30,2020-38,2021-13,28
FL300,2019-26,2019-29,4
FL300,2020-25,2020-29,5
FL301,2020-25,2020-29,5
FL301,2020-40,2021-7,20
FL301,2021-9,2021-12,4
FL302,2018-3,2018-13,11
FL302,2018-25,2018-28,4
FL302,2018-37,2018-40,4
FL302,2019-16,2019-22,7
FL302,2020-21,2020-30,10
FL302,2020-33,2020-43,11
FL302,2020-45,2021-2,10
FL304,2018-1,2018-31,31
FL304,2018-33,2018-52,20
FL304,2019-6,2019-31,26
FL304,2020-1,2020-10,10
FL305,2018-1,2018-17,17
FL305,2018-19,2019-32,66
FL305,2019-40,2019-44,5
FL305,2020-1,2020-13,13
FL305,2020-26,2020-30,5
FL305,2020-39,2020-44,6
FL305,2021-4,2021-7,4
FL305,2021-9,2021-13,5
FL309,2018-43,2018-48,6
FL31,2019-27,2019-31,5
FL31,2019-41,2019-44,4
FL31,2020-33,2020-36,4
FL31,2020-48,2020-51,4
FL310,2018-1,2018-6,6
FL310,2018-17,2018-20,4
FL310,2018-28,2018-34,7
FL310,2019-25,2019-31,7
FL310,2020-36,2020-40,5
FL311,2018-4,2018-7,4
FL311,2018-15,2018-18,4
FL311,2019-24,2019-32,9
FL311,2020-2,2020-6,5
FL311,2020-20,2020-25,6
FL311,2020-27,2020-37,11
FL311,2020-39,2020-42,4
FL311,2020-48,2021-13,18
FL312,2018-31,2018-34,4
FL313,2018-4,2018-7,4
FL313,2018-20,2018-24,5
FL315,2018-23,2018-31,9
FL315,2018-33,2018-37,5
FL315,2019-3,2019-6,4
FL315,2019-40,2019-43,4
FL315,2019-51,2020-3,5
FL318,2018-18,2018-33,16
FL318,2018-49,2018-52,4
FL318,2019-8,2019-11,4
FL318,2019-18,2019-29,12
FL318,2019-50,2020-6,9
FL318,2020-16,2020-27,12
FL318,2020-34,2020-37,4
FL318,2020-39,2020-43,5
FL318,2021-1,2021-13,13
FL319,2018-17,2018-20,4
FL319,2019-2,2019-8,7
FL319,2019-22,2019-27,6
FL319,2020-38,2020-41,4
FL319,2021-9,2021-13,5
FL32,2018-1,2018-25,25
FL32,2018-31,2018-34,4
FL32,2018-50,2019-39,42
FL32,2019-44,2019-50,7
FL32,2019-52,2021-13,66
FL320,2018-47,2019-3,9
FL320,2020-46,2020-50,5
FL321,2018-3,2018-7,5
FL321,2018-12,2018-28,17
FL321,2018-30,2018-36,7
FL321,2018-43,2019-3,13
FL321,2019-18,2019-24,7
FL321,2019-26,2019-29,4
FL321,2019-35,2019-42,8
FL321,2019-44,2019-49,6
FL321,2020-23,2020-45,23
FL321,2020-47,2021-8,14
FL321,2021-10,2021-13,4
FL322,2018-2,2018-6,5
FL322,2018-17,2018-24,8
FL322,2018-26,2018-32,7
FL322,2018-37,2018-40,4
FL322,2018-49,2019-5,9
FL322,2019-8,2019-30,23
FL322,2019-37,2020-10,26
FL322,2020-19,2021-13,47
FL323,2018-16,2018-21,6
FL323,2018-40,2018-43,4
FL323,2018-49,2019-2,6
FL323,2019-18,2019-23,6
FL323,2019-41,2019-46,6
FL323,2019-51,2020-9,11
FL323,2020-11,2020-14,4
FL323,2020-16,2020-27,12
FL323,2020-33,2020-44,12
FL323,2020-46,2021-5,12
FL323,2021-10,2021-13,4
FL324,2018-4,2018-8,5
FL324,2018-27,2018-32,6
FL324,2018-38,2018-41,4
FL324,2019-20,2019-27,8
FL325,2018-5,2018-8,4
FL325,2018-10,2018-14,5
FL327,2018-29,2018-32,4
FL327,2020-21,2020-24,4
FL327,2020-27,2020-31,5
FL327,2020-45,2021-6,14
FL327,2021-9,2021-13,5
FL328,2018-4,2018-8,5
FL328,2018-30,2018-35,6
FL328,2018-40,2018-45,6
FL328,2018-47,2018-51,5
FL328,2019-1,2019-4,4
FL328,2019-6,2019-10,5
FL328,2020-44,2020-49,6
FL328,2020-51,2021-5,7
FL329,2018-4,2018-10,7
FL329,2018-15,2018-18,4
FL329,2018-20,2018-25,6
FL329,2018-27,2018-37,11
FL329,2018-39,2018-42,4
FL329,2018-44,2018-51,8
FL329,2019-1,2019-7,7
FL329,2019-9,2019-23,15
FL329,2019-28,2019-32,5
FL329,2019-34,2019-37,4
FL329,2019-47,2020-33,39
FL329,2020-35,2020-40,6
FL329,2020-42,2021-6,17
FL329,2021-8,2021-13,6
FL33,2020-43,2020-46,4
FL33,2020-48,2020-52,5
FL33,2021-2,2021-5,4
FL33,2021-7,2021-10,4
FL331,2018-7,2018-40,34
FL331,2018-48,2018-52,5
FL331,2020-26,2020-40,15
FL331,2020-48,2021-8,13
FL332,2018-5,2018-13,9
FL332,2018-15,2018-25,11
FL332,2018-27,2019-2,28
FL332,2019-6,2019-11,6
FL332,2019-13,2019-17,5
FL332,2019-25,2019-29,5
FL332,2019-50,2020-1,4
FL333,2018-11,2018-17,7
FL333,2018-22,2018-27,6
FL333,2018-44,2018-52,9
FL333,2019-10,2019-28,19
FL333,2020-5,2020-10,6
FL333,2020-23,2020-33,11
FL334,2019-26,2019-29,4
FL334,2019-52,2020-4,5
FL335,2020-48,2020-52,5
FL336,2018-2,2018-38,37
FL336,2018-42,2019-1,12
FL336,2019-19,2019-24,6
FL336,2019-26,2019-29,4
FL336,2019-52,2020-12,13
FL336,2020-20,2020-40,21
FL336,2020-43,2021-8,18
FL336,2021-10,2021-13,4
FL337,2018-10,2018-19,10
FL337,2018-29,2018-34,6
FL337,2018-48,2019-1,6
FL337,2019-6,2019-15,10
FL337,2019-19,2019-23,5
FL337,2019-25,2019-28,4
FL337,2020-2,2020-30,29
FL337,2020-32,2020-43,12
FL337,2020-47,2021-1,7
FL337,2021-3,2021-11,9
FL338,2018-9,2018-14,6
FL338,2018-27,2018-32,6
FL338,2018-38,2018-42,5
FL339,2018-2,2018-8,7
FL339,2018-15,2018-18,4
FL339,2019-17,2019-31,15
FL339,2019-50,2020-2,5
FL339,2020-37,2021-13,29
FL34,2019-14,2019-19,6
FL34,2019-21,2019-25,5
FL34,2019-50,2020-2,5
FL340,2018-18,2018-23,6
FL340,2018-25,2018-34,10
FL340,2018-43,2019-1,11
FL340,2019-9,2019-28,20
FL340,2019-43,2019-46,4
FL340,2019-48,2020-2,7
FL340,2020-9,2020-12,4
FL340,2020-27,2020-30,4
FL340,2020-46,2021-2,9
FL340,2021-4,2021-8,5
FL341,2018-1,2018-13,13
FL341,2018-15,2018-18,4
FL341,2018-20,2018-35,16
FL341,2018-47,2019-7,13
FL341,2019-17,2019-29,13
FL341,2020-3,2020-7,5
FL341,2020-32,2020-35,4
FL341,2020-49,2021-13,17
FL342,2018-4,2018-9,6
FL342,2018-11,2018-23,13
FL342,2018-25,2018-33,9
FL342,2018-50,2019-2,5
FL342,2019-9,2019-26,18
FL342,2019-45,2020-1,9
FL342,2020-6,2020-9,4
FL342,2020-32,2020-35,4
FL343,2018-19,2018-27,9
FL343,2018-29,2018-33,5
FL343,2019-21,2019-24,4
FL343,2019-47,2019-50,4
FL343,2020-18,2020-21,4
FL343,2020-25,2020-28,4
FL346,2020-25,2020-28,4
FL346,2020-43,2020-47,5
FL346,2020-51,2021-2,4
FL347,2018-12,2018-15,4
FL347,2018-19,2018-24,6
FL347,2018-34,2018-38,5
FL347,2018-49,2018-52,4
FL347,2019-10,2019-13,4
FL347,2019-16,2019-19,4
FL347,2019-42,2019-45,4
FL347,2020-2,2020-8,7
FL347,2020-39,2021-13,27
FL348,2018-6,2018-10,5
FL348,2018-12,2018-21,10
FL348,2018-23,2018-26,4
FL348,2018-43,2018-47,5
FL348,2019-24,2019-30,7
FL348,2020-38,2020-41,4
FL348,2020-49,2021-10,14
FL349,2019-19,2019-23,5
FL349,2019-41,2019-44,4
FL349,2019-46,2019-50,5
FL349,2020-17,2020-36,20
FL349,2021-5,2021-9,5
FL35,2020-50,2021-4,7
FL352,2018-36,2018-39,4
FL352,2019-18,2019-22,5
FL352,2019-38,2019-41,4
FL352,2019-46,2019-49,4
FL352,2019-52,2021-13,66
FL353,2018-11,2018-32,22
FL353,2018-34,2018-37,4
FL353,2018-47,2019-7,13
FL353,2019-9,2019-23,15
FL353,2019-25,2019-31,7
FL353,2019-37,2019-45,9
FL353,2019-47,2020-5,11
FL353,2020-9,2020-15,7
FL353,2020-23,2020-29,7
FL353,2020-44,2020-47,4
FL354,2018-1,2018-40,40
FL354,2018-42,2019-4,15
FL354,2019-8,2019-12,5
FL354,2019-14,2019-21,8
FL354,2019-25,2019-32,8
FL354,2020-1,2020-18,18
FL354,2020-20,2020-30,11
FL354,2020-51,2021-9,11
FL355,2018-11,2018-15,5
FL355,2018-17,2018-35,19
FL355,2018-38,2018-41,4
FL355,2018-49,2019-3,7
FL355,2019-13,2019-28,16
FL355,2020-1,2020-6,6
FL356,2018-9,2018-28,20
FL356,2018-30,2018-34,5
FL356,2018-38,2018-42,5
FL356,2018-45,2019-1,9
FL356,2019-19,2019-22,4
FL356,2020-3,2020-32,30
FL356,2020-34,2021-9,28
FL357,2018-27,2018-33,7
FL357,2019-17,2019-21,5
FL357,2019-27,2019-32,6
FL357,2019-37,2019-40,4
FL357,2020-9,2020-13,5
FL358,2018-12,2018-20,9
FL358,2018-28,2018-33,6
FL358,2020-38,2020-42,5
FL358,2020-52,2021-11,12
FL359,2018-4,2018-7,4
FL359,2018-17,2018-23,7
FL359,2018-28,2018-31,4
FL359,2019-24,2019-29,6
FL359,2019-46,2019-50,5
FL359,2021-8,2021-11,4
FL360,2018-1,2018-7,7
FL360,2018-9,2018-13,5
FL360,2018-15,2018-18,4
FL360,2018-33,2018-36,4
FL360,2018-43,2018-46,4
FL360,2019-1,2019-4,4
FL360,2020-11,2020-15,5
FL360,2020-47,2021-13,19
FL361,2018-3,2018-9,7
FL361,2018-13,2018-16,4
FL361,2020-50,2021-2,5
FL362,2018-1,2019-13,65
FL362,2019-15,2019-29,15
FL362,2019-43,2020-7,17
FL362,2020-9,2020-32,24
FL362,2020-34,2021-13,32
FL363,2018-12,2018-16,5
FL363,2018-18,2018-21,4
FL363,2020-26,2020-30,5
FL364,2020-26,2020-31,6
FL365,2018-1,2018-11,11
FL365,2019-26,2019-30,5
FL365,2020-26,2020-29,4
FL366,2018-2,2018-6,5
FL366,2018-8,2018-16,9
FL366,2019-24,2019-27,4
FL366,2020-26,2020-30,5
FL366,2020-36,2020-46,11
FL366,2020-52,2021-3,4
FL367,2018-1,2018-16,16
FL367,2018-18,2018-23,6
FL367,2018-27,2018-33,7
FL367,2018-43,2018-49,7
FL367,2019-20,2019-29,10
FL367,2020-39,2020-43,5
FL367,2020-51,2021-13,15
FL368,2018-4,2018-12,9
FL368,2018-17,2018-29,13
FL368,2018-31,2018-34,4
FL368,2018-36,2019-3,20
FL368,2019-13,2019-18,6
FL368,2019-28,2019-32,5
FL368,2019-45,2019-51,7
FL368,2020-19,2020-30,12
FL369,2018-2,2018-10,9
FL369,2018-12,2018-15,4
FL369,2018-17,2019-4,40
FL369,2019-6,2019-16,11
FL369,2019-25,2019-28,4
FL369,2019-34,2019-40,7
FL369,2019-44,2019-48,5
FL369,2020-8,2020-11,4
FL369,2020-13,2020-17,5
FL369,2020-21,2020-26,6
FL369,2020-32,2020-49,18
FL369,2020-51,2021-11,13
FL37,2019-42,2019-47,6
FL370,2019-36,2019-48,13
FL370,2020-17,2020-20,4
FL370,2020-22,2020-26,5
FL370,2020-45,2020-49,5
FL370,2021-1,2021-7,7
FL371,2018-22,2018-29,8
FL371,2018-45,2018-49,5
FL371,2019-21,2019-27,7
FL371,2020-7,2020-10,4
FL371,2020-15,2020-20,6
FL371,2020-46,2021-1,8
FL371,2021-3,2021-6,4
FL371,2021-8,2021-11,4
FL372,2018-22,2018-26,5
FL372,2019-12,2019-25,14
FL372,2020-2,2020-6,5
FL372,2020-51,2021-13,15
FL373,2018-9,2018-20,12
FL373,2018-26,2018-32,7
FL373,2019-23,2019-27,5
FL373,2019-43,2019-47,5
FL373,2020-12,2020-17,6
FL373,2020-19,2020-31,13
FL374,2019-23,2019-26,4
FL374,2020-23,2020-27,5
FL375,2018-17,2018-27,11
FL375,2018-39,2018-42,4
FL375,2018-48,2019-4,9
FL375,2019-27,2019-31,5
FL375,2019-51,2020-2,4
FL375,2020-26,2020-40,15
FL375,2020-46,2021-1,8
FL377,2018-47,2019-1,7
FL379,2018-27,2018-30,4
FL38,2018-21,2018-25,5
FL38,2018-27,2018-30,4
FL38,2019-8,2019-15,8
FL38,2019-20,2019-27,8
FL38,2019-44,2019-50,7
FL38,2020-18,2020-21,4
FL38,2020-27,2020-30,4
FL38,2021-4,2021-7,4
FL381,2020-50,2021-1,4
FL381,2021-10,2021-13,4
FL386,2018-1,2018-9,9
FL386,2018-11,2019-1,43
FL386,2019-20,2019-35,16
FL386,2019-41,2020-3,15
FL386,2020-5,2020-8,4
FL386,2020-16,2020-27,12
FL386,2020-40,2021-13,26
FL388,2020-22,2020-26,5
FL389,2019-15,2019-19,5
FL39,2018-1,2018-7,7
FL39,2018-9,2018-16,8
FL39,2018-18,2018-23,6
FL39,2018-25,2018-29,5
FL39,2018-31,2018-34,4
FL39,2019-15,2019-23,9
FL39,2019-25,2019-29,5
FL39,2020-3,2020-6,4
FL39,2021-2,2021-13,12
FL390,2018-10,2018-15,6
FL390,2018-19,2018-25,7
FL390,2018-31,2018-35,5
FL390,2018-37,2018-49,13
FL390,2018-51,2019-3,5
FL390,2019-5,2019-13,9
FL390,2019-21,2019-24,4
FL390,2019-31,2019-34,4
FL390,2019-41,2019-45,5
FL390,2020-21,2020-29,9
FL391,2018-4,2018-12,9
FL391,2018-21,2018-29,9
FL391,2019-48,2019-51,4
FL391,2020-15,2020-18,4
FL392,2018-6,2018-10,5
FL392,2018-17,2018-34,18
FL392,2018-43,2019-4,14
FL392,2019-6,2019-13,8
FL392,2019-18,2019-24,7
FL392,2019-26,2019-30,5
FL392,2019-38,2019-48,11
FL392,2019-50,2020-14,17
FL392,2020-16,2020-34,19
FL392,2020-36,2021-8,25
FL392,2021-10,2021-13,4
FL393,2018-8,2018-12,5
FL393,2018-14,2018-44,31
FL393,2018-48,2019-3,8
FL393,2019-5,2019-31,27
FL393,2019-33,2019-37,5
FL393,2019-39,2020-13,27
FL393,2020-15,2021-10,48
FL394,2018-18,2018-21,4
FL394,2018-50,2019-1,4
FL394,2019-12,2019-15,4
FL394,2019-17,2019-26,10
FL394,2020-47,2021-3,9
FL394,2021-6,2021-9,4
FL395,2018-15,2018-38,24
FL395,2018-49,2019-1,5
FL395,2019-13,2019-27,15
FL395,2019-29,2019-32,4
FL395,2019-39,2019-47,9
FL395,2019-52,2020-4,5
FL395,2020-6,2020-11,6
FL395,2020-23,2020-29,7
FL395,2020-31,2020-37,7
FL395,2020-39,2020-43,5
FL395,2020-45,2021-13,21
FL397,2019-19,2019-22,4
FL398,2018-3,2018-31,29
FL398,2018-33,2018-37,5
FL398,2020-11,2020-15,5
FL398,2020-20,2020-24,5
FL398,2020-26,2020-30,5
FL40,2019-17,2019-31,15
FL40,2019-45,2020-2,10
FL405,2018-1,2018-31,31
FL405,2018-33,2020-18,90
FL405,2020-20,2021-8,41
FL406,2018-16,2018-37,22
FL406,2018-39,2019-1,15
FL406,2019-9,2019-32,24
FL406,2019-45,2020-4,12
FL406,2020-8,2020-35,28
FL407,2018-2,2018-7,6
FL407,2018-46,2018-51,6
FL407,2020-18,2020-21,4
FL407,2020-46,2020-50,5
FL408,2018-3,2018-6,4
FL408,2018-8,2019-1,46
FL408,2019-3,2019-19,17
FL408,2019-42,2019-45,4
FL408,2019-51,2020-6,8
FL408,2020-16,2020-24,9
FL408,2020-26,2020-38,13
FL408,2020-51,2021-9,11
FL409,2018-2,2018-6,5
FL409,2018-8,2019-5,50
FL409,2019-7,2019-14,8
FL409,2019-16,2019-20,5
FL409,2019-22,2019-30,9
FL409,2019-32,2019-35,4
FL409,2019-39,2019-46,8
FL409,2019-52,2020-11,12
FL409,2020-14,2020-19,6
FL409,2020-23,2020-26,4
FL409,2020-28,2020-34,7
FL409,2020-50,2021-1,4
FL41,2018-42,2018-45,4
FL41,2018-50,2019-1,4
FL41,2019-17,2019-22,6
FL410,2018-1,2019-7,59
FL410,2019-9,2019-31,23
FL410,2019-33,2019-36,4
FL410,2019-38,2021-13,80
FL414,2018-2,2018-6,5
FL414,2018-15,2019-6,44
FL414,2019-15,2019-27,13
FL414,2019-29,2019-32,4
FL414,2019-41,2019-48,8
FL414,2019-52,2020-8,9
FL414,2020-22,2020-44,23
FL414,2020-46,2021-13,20
FL415,2018-3,2019-7,57
FL415,2019-13,2019-37,25
FL415,2019-43,2019-47,5
FL415,2020-3,2020-9,7
FL415,2020-21,2020-33,13
FL415,2020-36,2020-40,5
FL415,2020-47,2021-6,12
FL416,2018-1,2018-15,15
FL416,2018-23,2018-26,4
FL416,2018-35,2018-40,6
FL416,2018-43,2018-49,7
FL416,2019-18,2019-24,7
FL416,2019-45,2019-50,6
FL416,2020-10,2020-13,4
FL416,2020-20,2020-23,4
FL416,2020-44,2021-13,22
FL417,2018-13,2018-19,7
FL417,2018-21,2018-25,5
FL417,2019-23,2019-27,5
FL417,2020-9,2021-2,46
FL418,2018-3,2018-19,17
FL418,2018-51,2019-3,5
FL418,2020-19,2020-34,16
FL418,2020-36,2021-13,30
FL419,2018-21,2018-31,11
FL419,2018-37,2018-41,5
FL419,2019-21,2019-24,4
FL419,2020-5,2020-9,5
FL419,2020-34,2020-42,9
FL419,2020-44,2021-1,10
FL419,2021-3,2021-13,11
FL42,2018-2,2018-21,20
FL42,2018-23,2018-27,5
FL42,2018-30,2018-34,5
FL42,2018-48,2018-51,4
FL42,2019-15,2019-22,8
FL42,2020-24,2020-27,4
FL420,2018-6,2018-15,10
FL420,2018-17,2018-21,5
FL420,2018-35,2018-40,6
FL420,2018-42,2019-2,13
FL420,2019-16,2019-29,14
FL420,2019-33,2019-40,8
FL420,2019-42,2020-25,36
FL420,2020-27,2020-35,9
FL421,2018-4,2018-8,5
FL421,2018-15,2018-18,4
FL421,2018-34,2018-37,4
FL421,2018-39,2019-1,15
FL421,2019-16,2019-29,14
FL421,2019-31,2019-36,6
FL421,2019-40,2019-50,11
FL421,2019-52,2020-37,38
FL421,2020-39,2020-42,4
FL421,2020-44,2021-2,11
FL423,2018-1,2018-32,32
FL423,2018-34,2018-41,8
FL423,2018-43,2018-46,4
FL423,2019-9,2019-13,5
FL423,2019-22,2019-31,10
FL423,2019-42,2019-49,8
FL423,2020-16,2020-21,6
FL423,2020-23,2020-31,9
FL423,2020-35,2021-13,31
FL424,2018-5,2018-13,9
FL424,2018-19,2018-23,5
FL424,2018-29,2018-34,6
FL424,2018-40,2019-1,14
FL424,2019-15,2019-20,6
FL424,2019-24,2019-27,4
FL424,2019-30,2019-35,6
FL424,2019-43,2020-9,19
FL424,2020-26,2020-29,4
FL425,2020-21,2020-25,5
FL426,2018-16,2018-21,6
FL426,2018-34,2018-40,7
FL426,2018-42,2019-3,14
FL426,2019-9,2019-12,4
FL426,2019-16,2019-39,24
FL426,2019-42,2019-47,6
FL426,2020-3,2020-9,7
FL426,2020-11,2020-14,4
FL426,2020-21,2020-31,11
FL427,2018-22,2018-27,6
FL428,2018-8,2018-16,9
FL428,2018-23,2018-29,7
FL428,2018-36,2018-42,7
FL428,2018-44,2019-1,10
FL428,2019-3,2019-8,6
FL428,2019-12,2019-16,5
FL428,2019-45,2019-48,4
FL428,2020-49,2021-9,13
FL43,2018-1,2018-6,6
FL43,2018-8,2018-11,4
FL43,2018-13,2018-32,20
FL43,2018-34,2018-38,5
FL43,2018-50,2019-3,6
FL43,2020-38,2020-41,4
FL43,2020-48,2020-51,4
FL430,2018-1,2018-36,36
FL430,2018-38,2018-43,6
FL430,2018-45,2018-50,6
FL430,2019-11,2019-33,23
FL430,2019-47,2019-51,5
FL430,2020-3,2020-6,4
FL430,2020-23,2020-28,6
FL430,2020-40,2021-13,26
FL431,2018-4,2018-22,19
FL431,2018-43,2018-47,5
FL431,2019-22,2019-27,6
FL431,2021-1,2021-5,5
FL431,2021-7,2021-10,4
FL433,2020-31,2020-34,4
FL433,2020-47,2020-50,4
FL434,2018-2,2018-21,20
FL434,2018-28,2018-31,4
FL434,2018-42,2018-46,5
FL434,2019-14,2019-17,4
FL434,2019-22,2019-25,4
FL434,2021-1,2021-5,5
FL435,2018-3,2018-11,9
FL435,2018-19,2018-30,12
FL435,2018-37,2018-40,4
FL435,2018-45,2019-3,11
FL435,2019-15,2019-35,21
FL435,2019-37,2019-44,8
FL435,2020-5,2020-9,5
FL435,2020-30,2020-34,5
FL435,2020-36,2020-46,11
FL435,2020-48,2021-13,18
FL437,2018-1,2018-10,10
FL437,2018-12,2018-21,10
FL437,2018-27,2018-34,8
FL437,2018-44,2019-2,11
FL437,2019-11,2019-30,20
FL437,2020-10,2020-17,8
FL437,2020-22,2020-29,8
FL437,2020-36,2020-50,15
FL437,2020-52,2021-5,6
FL437,2021-9,2021-13,5
FL438,2018-11,2018-23,13
FL438,2018-40,2019-3,16
FL438,2019-9,2019-13,5
FL438,2019-15,2019-21,7
FL438,2019-23,2019-27,5
FL438,2019-49,2020-11,15
FL438,2020-15,2020-25,11
FL438,2020-27,2021-6,32
FL438,2021-8,2021-13,6
FL439,2021-2,2021-5,4
FL44,2018-2,2018-7,6
FL44,2018-9,2018-27,19
FL44,2018-29,2018-32,4
FL44,2018-45,2018-48,4
FL44,2019-16,2019-25,10
FL44,2019-28,2019-31,4
FL44,2019-36,2019-39,4
FL44,2019-52,2020-10,11
FL44,2020-25,2020-33,9
FL44,2020-39,2020-47,9
FL44,2020-52,2021-4,5
FL440,2020-45,2021-13,21
FL441,2018-12,2018-23,12
FL441,2018-37,2018-42,6
FL441,2018-52,2019-4,5
FL441,2019-6,2019-11,6
FL441,2020-3,2020-8,6
FL441,2020-39,2020-43,5
FL441,2020-45,2021-13,21
FL442,2018-1,2018-24,24
FL442,2018-26,2018-29,4
FL442,2018-34,2018-41,8
FL442,2018-43,2019-3,13
FL442,2019-5,2019-23,19
FL442,2020-30,2020-33,4
FL442,2020-41,2021-7,19
FL442,2021-9,2021-12,4
FL443,2020-3,2020-8,6
FL444,2018-47,2018-50,4
FL444,2020-48,2020-52,5
FL447,2018-22,2018-27,6
FL447,2018-42,2018-46,5
FL447,2018-48,2019-2,7
FL447,2019-9,2019-12,4
FL447,2019-14,2019-18,5
FL447,2019-20,2019-26,7
FL447,2019-42,2020-16,27
FL447,2020-19,2020-25,7
FL447,2020-27,2020-35,9
FL447,2020-45,2020-50,6
FL447,2021-3,2021-13,11
FL448,2018-5,2018-8,4
FL448,2018-10,2018-16,7
FL448,2019-17,2019-29,13
FL448,2019-43,2019-50,8
FL448,2020-6,2020-18,13
FL448,2020-40,2020-45,6
FL448,2020-50,2021-13,16
FL449,2018-18,2018-32,15
FL449,2018-41,2018-44,4
FL449,2018-50,2019-1,4
FL449,2019-20,2019-26,7
FL449,2019-41,2020-6,18
FL449,2020-9,2020-12,4
FL449,2020-22,2020-26,5
FL449,2021-8,2021-13,6
FL45,2018-5,2018-11,7
FL45,2018-45,2018-48,4
FL45,2019-19,2019-29,11
FL45,2020-32,2020-35,4
FL450,2018-51,2019-2,4
FL450,2020-4,2020-7,4
FL450,2020-14,2020-17,4
FL450,2020-28,2020-31,4
FL450,2020-39,2020-42,4
FL450,2021-8,2021-11,4
FL451,2018-49,2018-52,4
FL451,2019-52,2020-6,7
FL452,2018-3,2018-8,6
FL452,2018-17,2018-24,8
FL452,2018-43,2019-2,12
FL452,2020-27,2020-30,4
FL452,2021-3,2021-9,7
FL453,2018-1,2018-8,8
FL453,2018-21,2018-28,8
FL453,2018-30,2018-34,5
FL453,2018-49,2019-3,7
FL453,2020-5,2020-10,6
FL453,2020-24,2020-35,12
FL453,2020-40,2020-43,4
FL453,2020-45,2021-5,13
FL453,2021-7,2021-13,7
FL454,2018-1,2018-17,17
FL454,2018-19,2018-46,28
FL454,2018-48,2018-52,5
FL454,2019-14,2019-28,15
FL454,2019-52,2020-4,5
FL454,2020-21,2020-24,4
FL454,2020-31,2020-34,4
FL454,2020-42,2020-45,4
FL454,2020-49,2021-13,17
FL455,2018-46,2019-2,9
FL455,2019-4,2019-28,25
FL455,2019-30,2019-33,4
FL455,2019-35,2019-38,4
FL455,2019-46,2019-50,5
FL455,2020-1,2020-4,4
FL455,2020-6,2020-10,5
FL455,2020-14,2020-17,4
FL455,2020-19,2020-28,10
FL455,2020-41,2021-13,25
FL456,2018-9,2018-17,9
FL456,2018-21,2018-24,4
FL456,2018-36,2018-43,8
FL456,2018-46,2019-1,8
FL456,2019-23,2019-31,9
FL456,2019-51,2020-2,4
FL456,2020-18,2020-22,5
FL456,2020-43,2020-48,6
FL456,2020-50,2021-13,16
FL457,2020-23,2020-29,7
FL457,2020-37,2020-41,5
FL457,2020-43,2020-52,10
FL457,2021-2,2021-6,5
FL457,2021-8,2021-13,6
FL458,2018-1,2018-15,15
FL458,2018-17,2018-20,4
FL458,2019-14,2019-17,4
FL458,2019-50,2020-2,5
FL458,2020-14,2020-18,5
FL458,2020-20,2020-24,5
FL458,2020-35,2020-41,7
FL458,2020-43,2020-47,5
FL458,2020-51,2021-4,6
FL46,2018-23,2018-28,6
FL46,2018-30,2018-38,9
FL46,2019-22,2019-28,7
FL460,2018-11,2018-42,32
FL460,2018-47,2019-3,9
FL460,2019-7,2019-11,5
FL460,2019-15,2019-20,6
FL460,2019-22,2019-31,10
FL460,2019-37,2020-9,25
FL460,2020-22,2020-31,10
FL460,2020-41,2020-45,5
FL460,2020-47,2020-52,6
FL460,2021-2,2021-6,5
FL461,2018-16,2018-23,8
FL461,2018-33,2018-39,7
FL461,2018-42,2018-47,6
FL461,2018-49,2019-11,15
FL461,2019-24,2019-28,5
FL461,2019-30,2019-33,4
FL461,2019-35,2019-39,5
FL461,2019-52,2020-9,10
FL461,2020-22,2020-25,4
FL461,2020-35,2020-39,5
FL461,2020-41,2021-12,24
FL463,2018-18,2018-29,12
FL463,2018-38,2018-41,4
FL463,2018-43,2019-2,12
FL463,2019-6,2019-9,4
FL463,2019-11,2019-18,8
FL463,2019-20,2019-23,4
FL463,2019-41,2019-48,8
FL463,2019-50,2020-13,16
FL463,2020-46,2021-13,20
FL464,2018-18,2018-31,14
FL464,2018-34,2018-50,17
FL464,2020-24,2020-32,9
FL464,2020-34,2020-46,13
FL464,2021-3,2021-7,5
FL465,2018-2,2018-24,23
FL465,2018-26,2018-31,6
FL465,2018-43,2018-47,5
FL465,2018-49,2019-6,10
FL465,2019-8,2019-21,14
FL465,2019-23,2019-31,9
FL465,2019-43,2020-17,27
FL465,2020-19,2021-13,47
FL466,2018-1,2018-7,7
FL466,2018-18,2018-26,9
FL466,2018-42,2018-45,4
FL466,2018-48,2018-51,4
FL466,2019-43,2019-48,6
FL466,2019-50,2020-6,9
FL466,2021-10,2021-13,4
FL47,2018-4,2018-7,4
FL47,2018-19,2018-29,11
FL47,2018-49,2018-52,4
FL47,2019-20,2019-27,8
FL47,2020-27,2020-34,8
FL471,2018-6,2018-9,4
FL471,2018-19,2018-23,5
FL471,2018-44,2018-49,6
FL471,2018-51,2019-2,4
FL471,2019-9,2019-31,23
FL471,2019-45,2019-49,5
FL471,2019-52,2020-4,5
FL471,2020-23,2020-31,9
FL471,2020-36,2021-13,30
FL472,2018-4,2018-9,6
FL472,2018-13,2018-17,5
FL472,2018-19,2018-24,6
FL472,2018-38,2018-47,10
FL472,2018-49,2019-7,11
FL472,2019-10,2019-36,27
FL472,2019-41,2019-44,4
FL472,2020-14,2020-19,6
FL472,2020-22,2020-26,5
FL472,2020-28,2021-13,38
FL474,2021-9,2021-12,4
FL475,2020-2,2020-7,6
FL475,2020-9,2020-15,7
FL477,2018-1,2018-4,4
FL477,2018-16,2018-19,4
FL477,2019-9,2019-33,25
FL477,2019-47,2019-50,4
FL477,2020-22,2020-26,5
FL477,2020-33,2021-13,33
FL478,2018-1,2018-12,12
FL478,2018-14,2018-17,4
FL478,2018-22,2018-30,9
FL478,2018-46,2019-1,8
FL478,2019-18,2019-22,5
FL478,2019-26,2019-29,4
FL478,2019-42,2019-46,5
FL478,2020-46,2021-13,20
FL479,2018-12,2018-17,6
FL479,2018-25,2018-29,5
FL479,2018-51,2019-2,4
FL479,2019-18,2019-21,4
FL479,2019-24,2019-29,6
FL479,2019-46,2019-50,5
FL479,2019-52,2020-4,5
FL479,2020-11,2020-17,7
FL479,2020-19,2020-22,4
FL479,2020-24,2020-28,5
FL479,2020-43,2021-5,15
FL479,2021-9,2021-13,5
FL48,2019-21,2019-24,4
FL480,2018-11,2018-15,5
FL480,2018-17,2019-4,40
FL480,2019-6,2019-9,4
FL480,2019-11,2019-36,26
FL480,2019-38,2021-13,80
FL481,2018-17,2018-23,7
FL481,2018-25,2018-29,5
FL481,2018-33,2019-3,23
FL481,2019-7,2019-34,28
FL481,2019-40,2019-43,4
FL481,2019-45,2020-29,37
FL481,2020-38,2021-3,18
FL481,2021-10,2021-13,4
FL482,2018-2,2018-16,15
FL482,2018-18,2018-27,10
FL482,2018-29,2018-33,5
FL482,2018-38,2019-4,19
FL482,2019-9,2019-16,8
FL482,2019-18,2019-25,8
FL482,2019-30,2019-33,4
FL482,2019-41,2020-13,25
FL482,2020-19,2021-13,47
FL483,2018-1,2018-32,32
FL483,2018-34,2018-41,8
FL483,2018-50,2019-6,9
FL483,2019-14,2019-17,4
FL483,2019-21,2019-28,8
FL483,2019-38,2020-6,21
FL483,2020-8,2020-11,4
FL483,2020-19,2021-13,47
FL487,2018-4,2018-16,13
FL487,2018-31,2018-39,9
FL487,2018-50,2019-1,4
FL487,2019-14,2019-22,9
FL487,2019-41,2020-21,33
FL487,2020-23,2020-28,6
FL487,2020-52,2021-6,7
FL487,2021-9,2021-13,5
FL488,2018-29,2018-35,7
FL488,2019-3,2019-7,5
FL488,2019-18,2019-21,4
FL488,2019-48,2020-1,6
FL488,2020-3,2020-11,9
FL488,2020-17,2020-20,4
FL488,2020-22,2020-25,4
FL489,2018-3,2018-35,33
FL489,2018-40,2018-43,4
FL489,2018-47,2019-10,16
FL489,2019-16,2019-19,4
FL489,2019-21,2019-34,14
FL489,2019-36,2019-39,4
FL489,2019-42,2020-7,18
FL489,2020-11,2020-16,6
FL489,2020-26,2021-13,40
FL49,2019-11,2019-16,6
FL49,2019-20,2019-23,4
FL490,2018-15,2018-27,13
FL490,2018-29,2018-33,5
FL490,2018-35,2018-40,6
FL490,2018-47,2019-4,10
FL490,2019-11,2019-21,11
FL490,2019-23,2019-33,11
FL490,2019-40,2020-6,19
FL490,2020-10,2020-14,5
FL490,2020-19,2020-31,13
FL490,2020-33,2020-39,7
FL490,2020-42,2020-47,6
FL490,2020-51,2021-13,15
FL492,2018-20,2018-24,5
FL492,2018-26,2018-37,12
FL492,2018-39,2018-47,9
FL492,2019-11,2019-18,8
FL492,2020-12,2020-17,6
FL492,2020-19,2020-22,4
FL492,2020-44,2020-48,5
FL493,2018-3,2018-16,14
FL493,2018-20,2018-30,11
FL493,2018-34,2018-40,7
FL493,2019-20,2019-26,7
FL493,2019-48,2020-2,7
FL494,2018-47,2018-51,5
FL494,2020-20,2020-36,17
FL494,2020-39,2021-6,20
FL494,2021-8,2021-13,6
FL495,2018-1,2018-4,4
FL495,2018-7,2018-22,16
FL495,2018-24,2019-14,43
FL495,2019-16,2019-24,9
FL495,2019-26,2019-32,7
FL495,2019-34,2020-6,25
FL495,2020-8,2021-13,58
FL496,2018-1,2018-13,13
FL496,2018-17,2018-23,7
FL496,2018-38,2018-42,5
FL496,2018-44,2019-2,11
FL496,2019-43,2019-48,6
FL496,2019-52,2020-4,5
FL496,2020-20,2020-31,12
FL496,2020-36,2021-13,30
FL497,2018-20,2018-25,6
FL497,2018-38,2018-44,7
FL497,2018-47,2019-3,9
FL497,2019-15,2019-21,7
FL497,2019-50,2020-3,6
FL498,2018-29,2018-38,10
FL498,2018-48,2018-51,4
FL498,2019-50,2020-6,9
FL498,2020-29,2020-34,6
FL498,2020-36,2020-44,9
FL498,2020-49,2021-9,13
FL499,2018-27,2018-31,5
FL499,2018-44,2018-47,4
FL499,2019-19,2019-22,4
FL499,2020-5,2020-9,5
FL499,2020-49,2021-3,7
FL5,2018-3,2018-8,6
FL5,2018-35,2018-39,5
FL500,2018-5,2018-10,6
FL500,2018-13,2018-18,6
FL500,2018-22,2018-29,8
FL500,2018-33,2018-44,12
FL500,2019-14,2019-20,7
FL500,2019-23,2019-28,6
FL500,2019-48,2020-3,8
FL501,2018-16,2018-20,5
FL501,2018-22,2018-27,6
FL501,2018-48,2019-1,6
FL501,2019-7,2019-17,11
FL501,2019-25,2019-34,10
FL501,2019-36,2019-45,10
FL501,2019-48,2020-17,22
FL501,2020-19,2020-25,7
FL501,2020-27,2020-32,6
FL501,2020-34,2020-42,9
FL501,2020-44,2021-13,22
FL502,2018-1,2018-6,6
FL502,2018-40,2019-1,14
FL503,2018-18,2018-28,11
FL503,2018-36,2018-43,8
FL503,2018-45,2018-51,7
FL503,2019-14,2019-18,5
FL503,2019-24,2019-28,5
FL503,2020-26,2020-52,27
FL503,2021-2,2021-10,9
FL504,2018-17,2018-23,7
FL504,2018-37,2018-40,4
FL504,2018-42,2018-45,4
FL504,2018-47,2018-51,5
FL504,2019-3,2019-6,4
FL504,2019-15,2019-19,5
FL504,2019-21,2019-24,4
FL504,2019-31,2019-36,6
FL504,2019-44,2019-47,4
FL504,2020-3,2020-11,9
FL504,2020-16,2020-31,16
FL504,2020-36,2020-40,5
FL504,2021-1,2021-13,13
FL505,2018-3,2018-16,14
FL505,2018-18,2018-24,7
FL505,2018-30,2018-34,5
FL505,2018-38,2018-41,4
FL505,2019-24,2019-27,4
FL505,2020-14,2020-19,6
FL505,2020-49,2021-4,8
FL506,2018-3,2018-7,5
FL506,2018-21,2018-31,11
FL506,2018-43,2018-46,4
FL506,2019-18,2019-23,6
FL506,2020-44,2021-5,14
FL506,2021-7,2021-11,5
FL507,2018-2,2018-6,5
FL507,2018-8,2018-11,4
FL507,2018-18,2018-23,6
FL507,2018-46,2018-49,4
FL507,2019-19,2019-22,4
FL507,2019-49,2020-2,6
FL507,2020-25,2020-31,7
FL507,2021-3,2021-7,5
FL508,2018-44,2018-50,7
FL508,2019-14,2019-18,5
FL508,2019-28,2019-34,7
FL508,2019-41,2019-44,4
FL508,2020-20,2020-29,10
FL508,2020-31,2020-37,7
FL508,2020-39,2020-43,5
FL508,2020-46,2021-1,8
FL508,2021-3,2021-13,11
FL509,2020-15,2020-21,7
FL51,2018-17,2018-21,5
FL51,2018-26,2018-30,5
FL51,2018-45,2018-52,8
FL51,2019-11,2019-19,9
FL51,2019-21,2019-25,5
FL51,2020-7,2020-10,4
FL51,2020-22,2020-25,4
FL510,2018-38,2018-46,9
FL510,2019-9,2019-12,4
FL510,2019-14,2019-22,9
FL510,2019-27,2019-36,10
FL510,2019-47,2019-51,5
FL510,2020-1,2020-15,15
FL510,2020-17,2020-27,11
FL510,2020-35,2020-51,17
FL511,2018-13,2018-22,10
FL511,2018-24,2018-29,6
FL511,2018-31,2019-1,23
FL511,2019-15,2019-25,11
FL511,2019-27,2019-31,5
FL511,2019-35,2019-38,4
FL511,2019-40,2020-26,39
FL511,2020-28,2020-50,23
FL511,2020-52,2021-10,11
FL512,2018-19,2018-22,4
FL512,2018-40,2018-49,10
FL512,2019-12,2019-26,15
FL512,2019-30,2019-35,6
FL512,2019-40,2019-43,4
FL512,2019-45,2020-9,17
FL512,2020-11,2020-44,34
FL512,2020-46,2021-13,20
FL513,2018-47,2019-1,7
FL513,2019-7,2019-10,4
FL513,2019-12,2019-17,6
FL513,2019-28,2019-37,10
FL513,2019-40,2019-46,7
FL513,2020-7,2020-11,5
FL513,2020-14,2020-17,4
FL513,2020-20,2020-24,5
FL513,2020-26,2020-31,6
FL513,2020-33,2020-42,10
FL513,2020-44,2020-47,4
FL513,2021-1,2021-4,4
FL514,2018-14,2018-25,12
FL514,2018-29,2018-32,4
FL514,2018-36,2019-2,19
FL514,2019-4,2019-10,7
FL514,2019-13,2019-26,14
FL514,2020-3,2020-11,9
FL514,2020-13,2020-18,6
FL514,2020-34,2021-13,32
FL515,2019-17,2019-20,4
FL516,2018-38,2018-41,4
FL517,2018-1,2018-45,45
FL517,2018-52,2019-3,4
FL517,2019-19,2019-22,4
FL517,2019-43,2020-9,19
FL517,2020-12,2020-16,5
FL518,2018-11,2018-16,6
FL518,2018-45,2019-3,11
FL518,2019-13,2019-17,5
FL518,2019-21,2019-33,13
FL518,2019-41,2019-44,4
FL518,2020-6,2020-9,4
FL518,2020-13,2020-30,18
FL518,2020-38,2021-9,24
FL519,2018-45,2018-49,5
FL519,2019-11,2019-21,11
FL519,2020-13,2020-22,10
FL519,2020-32,2020-36,5
FL519,2020-38,2021-13,28
FL52,2018-1,2018-6,6
FL52,2018-20,2018-23,4
FL52,2018-51,2019-2,4
FL52,2019-13,2019-17,5
FL52,2019-25,2019-28,4
FL52,2020-26,2020-29,4
FL520,2018-4,2018-7,4
FL520,2018-43,2018-46,4
FL520,2018-48,2018-52,5
FL520,2020-22,2020-30,9
FL520,2020-36,2020-40,5
FL520,2020-42,2020-52,11
FL521,2018-48,2018-52,5
FL521,2020-35,2020-42,8
FL521,2020-44,2020-47,4
FL522,2018-40,2018-43,4
FL523,2018-2,2018-10,9
FL523,2018-20,2018-24,5
FL523,2018-26,2018-32,7
FL524,2018-43,2018-49,7
FL524,2020-22,2020-27,6
FL524,2020-38,2020-46,9
FL527,2018-19,2018-32,14
FL527,2018-45,2019-1,9
FL527,2019-6,2019-10,5
FL527,2019-14,2019-17,4
FL527,2019-23,2019-26,4
FL527,2019-28,2019-31,4
FL527,2020-21,2020-31,11
FL527,2020-49,2020-52,4
FL527,2021-10,2021-13,4
FL528,2018-8,2018-24,17
FL528,2018-45,2019-3,11
FL528,2019-19,2019-31,13
FL528,2019-49,2020-5,9
FL528,2020-7,2020-13,7
FL528,2020-43,2020-52,10
FL528,2021-2,2021-13,12
FL530,2019-45,2019-48,4
FL530,2020-41,2021-13,25
FL531,2018-16,2018-20,5
FL531,2018-26,2018-29,4
FL532,2018-1,2018-6,6
FL532,2018-16,2018-20,5
FL532,2018-26,2018-30,5
FL533,2018-9,2018-13,5
FL533,2018-19,2018-24,6
FL533,2018-29,2018-32,4
FL533,2018-39,2018-44,6
FL533,2018-48,2019-1,6
FL533,2019-9,2019-13,5
FL533,2020-48,2021-1,6
FL534,2018-24,2018-27,4
FL534,2019-9,2019-17,9
FL534,2020-48,2021-1,6
FL535,2018-6,2018-9,4
FL535,2018-15,2018-45,31
FL535,2018-47,2019-2,8
FL535,2019-7,2019-27,21
FL535,2019-29,2019-32,4
FL535,2019-38,2019-47,10
FL535,2020-49,2021-4,8
FL536,2019-36,2019-39,4
FL536,2020-27,2020-30,4
FL536,2020-32,2020-35,4
FL536,2020-37,2020-41,5
FL536,2021-2,2021-8,7
FL536,2021-10,2021-13,4
FL537,2018-7,2018-11,5
FL537,2018-13,2018-37,25
FL537,2018-43,2019-3,13
FL537,2019-27,2019-30,4
FL537,2019-35,2019-49,15
FL537,2020-19,2020-25,7
FL537,2020-27,2020-31,5
FL537,2020-49,2021-2,6
FL538,2018-21,2018-26,6
FL538,2018-28,2018-34,7
FL538,2018-36,2018-39,4
FL538,2018-47,2018-51,5
FL538,2019-7,2019-10,4
FL538,2019-12,2019-18,7
FL538,2019-20,2019-28,9
FL538,2019-31,2019-38,8
FL538,2019-40,2019-43,4
FL538,2019-45,2019-48,4
FL538,2019-50,2020-7,10
FL538,2020-12,2020-17,6
FL538,2020-25,2020-41,17
FL538,2020-46,2021-1,8
FL538,2021-3,2021-8,6
FL54,2018-2,2018-7,6
FL54,2018-9,2018-13,5
FL54,2018-17,2018-21,5
FL54,2018-24,2018-30,7
FL54,2019-18,2019-27,10
FL54,2020-41,2020-50,10
FL54,2020-52,2021-5,6
FL54,2021-9,2021-13,5
FL541,2018-26,2018-33,8
FL542,2020-13,2020-17,5
FL542,2020-24,2020-29,6
FL542,2020-40,2020-48,9
FL542,2021-7,2021-13,7
FL543,2020-38,2020-44,7
FL543,2020-46,2021-13,20
FL549,2021-7,2021-10,4
FL55,2018-18,2018-21,4
FL55,2018-50,2019-2,5
FL55,2019-47,2019-51,5
FL55,2021-6,2021-10,5
FL557,2018-42,2018-45,4
FL557,2018-49,2019-4,8
FL557,2019-11,2019-16,6
FL557,2019-18,2019-30,13
FL557,2019-52,2020-3,4
FL558,2018-1,2018-8,8
FL558,2018-10,2018-16,7
FL558,2018-21,2018-25,5
FL558,2018-27,2018-33,7
FL558,2018-46,2019-8,15
FL558,2019-14,2019-32,19
FL558,2019-42,2019-49,8
FL558,2019-52,2020-6,7
FL559,2018-21,2018-24,4
FL559,2018-26,2018-29,4
FL560,2018-26,2018-35,10
FL561,2018-2,2018-6,5
FL561,2018-21,2018-24,4
FL562,2018-9,2018-15,7
FL562,2018-22,2018-29,8
FL562,2018-47,2018-52,6
FL562,2020-13,2020-18,6
FL562,2020-20,2020-28,9
FL562,2020-38,2020-44,7
FL562,2020-52,2021-3,4
FL563,2018-3,2018-19,17
FL563,2018-25,2018-28,4
FL563,2018-36,2018-41,6
FL563,2018-43,2019-1,11
FL563,2019-3,2019-7,5
FL563,2019-12,2019-15,4
FL563,2020-8,2020-13,6
FL563,2020-15,2020-30,16
FL563,2020-32,2021-13,34
FL564,2018-33,2018-36,4
FL564,2018-38,2018-41,4
FL564,2018-43,2018-51,9
FL564,2019-8,2019-25,18
FL564,2019-35,2019-38,4
FL564,2019-50,2020-3,6
FL564,2020-5,2020-12,8
FL564,2020-14,2020-17,4
FL569,2018-1,2018-9,9
FL57,2018-4,2018-7,4
FL57,2018-17,2018-22,6
FL57,2018-27,2018-30,4
FL57,2018-47,2019-1,7
FL57,2019-14,2019-22,9
FL57,2019-24,2019-27,4
FL570,2018-48,2018-52,5
FL571,2018-1,2018-6,6
FL571,2018-12,2018-15,4
FL571,2018-44,2018-51,8
FL571,2019-7,2019-21,15
FL571,2019-23,2019-30,8
FL571,2019-51,2020-2,4
FL571,2020-15,2020-29,15
FL571,2020-31,2020-35,5
FL572,2018-2,2018-16,15
FL572,2018-24,2018-28,5
FL572,2018-36,2018-39,4
FL572,2018-47,2019-2,8
FL572,2019-9,2019-13,5
FL572,2019-15,2019-29,15
FL572,2019-44,2019-48,5
FL572,2020-4,2020-9,6
FL572,2020-15,2021-11,49
FL573,2018-29,2018-32,4
FL573,2018-42,2018-46,5
FL573,2018-48,2019-3,8
FL573,2019-28,2019-34,7
FL573,2020-4,2020-10,7
FL574,2018-4,2018-16,13
FL574,2018-18,2018-22,5
FL574,2019-46,2019-50,5
FL574,2020-24,2020-42,19
FL574,2020-45,2020-51,7
FL575,2018-1,2018-13,13
FL575,2018-15,2018-22,8
FL575,2018-30,2018-38,9
FL575,2018-40,2018-45,6
FL575,2018-47,2019-4,10
FL575,2019-12,2019-18,7
FL575,2019-21,2019-24,4
FL575,2019-26,2019-32,7
FL575,2019-52,2020-6,7
FL575,2020-20,2020-24,5
FL575,2020-30,2020-34,5
FL575,2020-42,2020-45,4
FL575,2020-51,2021-3,5
FL576,2018-1,2018-11,11
FL576,2018-13,2018-27,15
FL576,2018-29,2018-36,8
FL576,2018-38,2018-42,5
FL576,2018-44,2018-49,6
FL576,2019-22,2019-26,5
FL576,2019-45,2019-51,7
FL576,2020-48,2021-10,15
FL577,2019-47,2019-50,4
FL578,2018-16,2018-22,7
FL578,2018-43,2018-48,6
FL578,2018-50,2019-12,15
FL578,2019-14,2019-23,10
FL578,2019-27,2019-36,10
FL578,2019-41,2019-45,5
FL578,2019-47,2020-3,9
FL578,2020-5,2020-16,12
FL578,2020-18,2020-22,5
FL578,2020-24,2020-34,11
FL578,2020-38,2021-11,26
FL579,2018-1,2018-4,4
FL579,2018-8,2018-16,9
FL579,2018-32,2018-36,5
FL579,2018-50,2019-1,4
FL579,2019-3,2019-14,12
FL579,2019-16,2019-22,7
FL579,2019-24,2019-30,7
FL579,2019-41,2020-12,24
FL579,2020-18,2020-24,7
FL579,2020-42,2020-46,5
FL579,2020-48,2021-5,10
FL58,2018-17,2018-28,12
FL58,2019-21,2019-29,9
FL58,2019-45,2019-48,4
FL580,2018-12,2018-18,7
FL580,2018-34,2018-42,9
FL580,2018-44,2018-52,9
FL580,2019-4,2019-20,17
FL580,2019-39,2019-43,5
FL581,2018-9,2018-26,18
FL581,2018-33,2018-44,12
FL581,2018-47,2019-6,12
FL581,2019-10,2019-20,11
FL581,2019-22,2019-30,9
FL581,2019-32,2019-50,19
FL581,2019-52,2020-9,10
FL581,2020-11,2020-45,35
FL582,2018-4,2018-7,4
FL582,2018-26,2018-30,5
FL582,2018-38,2018-41,4
FL582,2018-51,2019-24,26
FL582,2019-29,2019-33,5
FL582,2019-47,2019-50,4
FL582,2020-7,2020-13,7
FL582,2020-49,2020-52,4
FL583,2018-1,2018-7,7
FL583,2018-51,2019-2,4
FL583,2019-15,2019-23,9
FL583,2019-25,2019-31,7
FL584,2018-9,2018-12,4
FL584,2018-14,2018-18,5
FL584,2019-19,2019-22,4
FL584,2019-42,2019-49,8
FL584,2020-13,2020-16,4
FL585,2018-3,2018-7,5
FL585,2018-9,2018-14,6
FL585,2018-43,2018-47,5
FL585,2018-49,2019-13,17
FL585,2019-25,2019-28,4
FL585,2019-52,2020-4,5
FL585,2020-41,2020-51,11
FL586,2018-44,2019-4,13
FL586,2019-8,2019-19,12
FL586,2020-6,2020-10,5
FL586,2020-18,2020-28,11
FL586,2020-30,2020-43,14
FL586,2020-48,2021-2,7
FL587,2018-1,2018-6,6
FL587,2018-12,2018-16,5
FL587,2018-32,2018-42,11
FL587,2018-48,2019-1,6
FL587,2019-10,2019-22,13
FL587,2019-25,2019-29,5
FL587,2019-41,2020-13,25
FL587,2020-15,2020-32,18
FL587,2020-40,2020-44,5
FL587,2020-46,2020-52,7
FL588,2018-1,2018-4,4
FL588,2018-49,2019-5,9
FL588,2019-9,2019-15,7
FL588,2019-43,2019-47,5
FL588,2020-27,2020-30,4
FL588,2020-32,2020-37,6
FL589,2019-9,2019-13,5
FL589,2019-51,2020-3,5
FL59,2018-10,2018-13,4
FL59,2018-16,2018-24,9
FL59,2018-28,2018-31,4
FL59,2019-18,2019-22,5
FL59,2020-46,2020-49,4
FL591,2018-3,2018-34,32
FL591,2018-36,2018-42,7
FL591,2018-44,2018-49,6
FL591,2018-51,2019-2,4
FL591,2019-13,2019-22,10
FL591,2019-27,2019-34,8
FL591,2019-36,2019-41,6
FL591,2019-43,2020-9,19
FL591,2020-11,2020-45,35
FL592,2018-11,2018-16,6
FL592,2018-20,2018-24,5
FL592,2018-36,2019-2,19
FL592,2019-6,2019-10,5
FL592,2019-17,2019-28,12
FL592,2019-42,2019-50,9
FL592,2019-52,2020-5,6
FL592,2020-16,2020-45,30
FL594,2019-22,2019-25,4
FL595,2018-8,2018-14,7
FL595,2018-16,2018-30,15
FL595,2018-33,2018-40,8
FL595,2018-43,2019-2,12
FL595,2019-11,2019-18,8
FL595,2020-25,2020-29,5
FL595,2020-36,2020-50,15
FL595,2020-52,2021-9,10
FL596,2018-1,2018-33,33
FL596,2018-37,2018-51,15
FL596,2019-1,2019-4,4
FL596,2019-6,2019-9,4
FL596,2019-11,2019-29,19
FL596,2019-33,2019-36,4
FL596,2019-38,2019-47,10
FL596,2019-49,2020-6,10
FL596,2020-8,2020-35,28
FL596,2020-39,2020-44,6
FL597,2018-1,2018-29,29
FL597,2018-41,2019-11,23
FL597,2019-15,2019-20,6
FL597,2019-22,2019-27,6
FL597,2019-33,2019-36,4
FL597,2019-44,2019-47,4
FL597,2020-1,2020-11,11
FL597,2020-19,2020-33,15
FL597,2020-49,2021-1,5
FL597,2021-5,2021-8,4
FL598,2018-1,2018-10,10
FL598,2018-12,2018-16,5
FL598,2018-24,2018-28,5
FL598,2018-37,2018-40,4
FL598,2018-47,2019-11,17
FL598,2019-13,2019-22,10
FL598,2019-50,2020-11,14
FL598,2020-17,2020-26,10
FL598,2020-28,2020-33,6
FL598,2020-39,2020-45,7
FL599,2018-14,2018-19,6
FL599,2018-21,2018-37,17
FL599,2018-47,2019-1,7
FL599,2019-8,2019-30,23
FL599,2020-3,2020-9,7
FL599,2020-11,2020-20,10
FL599,2020-23,2020-30,8
FL599,2020-36,2020-39,4
FL599,2020-43,2021-2,12
FL599,2021-4,2021-13,10
FL6,2018-1,2019-3,55
FL6,2019-6,2019-35,30
FL6,2019-46,2019-49,4
FL6,2019-51,2020-17,19
FL6,2020-23,2020-39,17
FL6,2020-41,2021-13,25
FL60,2018-27,2018-34,8
FL60,2018-46,2018-52,7
FL60,2019-15,2019-18,4
FL60,2019-20,2019-24,5
FL60,2019-43,2019-47,5
FL60,2020-1,2020-5,5
FL60,2020-33,2020-36,4
FL600,2018-5,2018-9,5
FL600,2018-13,2018-25,13
FL600,2018-29,2018-37,9
FL600,2018-39,2018-49,11
FL600,2018-51,2019-3,5
FL600,2019-15,2019-33,19
FL600,2020-5,2020-9,5
FL600,2020-11,2020-20,10
FL600,2020-22,2020-29,8
FL600,2020-31,2020-35,5
FL600,2020-37,2020-41,5
FL600,2020-43,2020-47,5
FL600,2021-4,2021-8,5
FL600,2021-10,2021-13,4
FL601,2018-28,2018-34,7
FL601,2018-36,2018-40,5
FL601,2019-10,2019-24,15
FL601,2019-46,2019-49,4
FL601,2020-2,2020-10,9
FL601,2020-12,2020-16,5
FL601,2020-23,2020-27,5
FL601,2020-38,2021-13,28
FL602,2018-37,2018-40,4
FL602,2020-20,2020-24,5
FL602,2020-51,2021-2,4
FL603,2018-19,2018-22,4
FL603,2018-31,2018-34,4
FL603,2019-52,2020-3,4
FL603,2020-14,2020-18,5
FL603,2020-23,2020-28,6
FL603,2020-32,2021-1,22
FL604,2018-52,2019-3,4
FL604,2019-27,2019-30,4
FL604,2019-44,2019-48,5
FL604,2020-34,2020-38,5
FL604,2020-50,2021-1,4
FL604,2021-4,2021-13,10
FL605,2018-13,2018-17,5
FL605,2018-26,2018-35,10
FL605,2019-15,2019-21,7
FL605,2020-5,2020-9,5
FL605,2020-11,2020-18,8
FL605,2020-21,2020-27,7
FL605,2020-31,2021-1,23
FL605,2021-9,2021-13,5
FL606,2018-6,2018-28,23
FL606,2018-30,2019-4,27
FL606,2019-6,2019-9,4
FL606,2019-12,2019-33,22
FL606,2019-35,2019-38,4
FL606,2019-41,2019-44,4
FL606,2020-3,2020-7,5
FL606,2020-11,2020-16,6
FL606,2020-18,2020-28,11
FL606,2020-32,2020-36,5
FL606,2020-38,2021-11,26
FL607,2018-17,2018-21,5
FL607,2018-40,2019-2,15
FL607,2019-4,2019-7,4
FL607,2019-12,2019-28,17
FL607,2019-30,2019-37,8
FL607,2019-39,2020-25,39
FL607,2020-27,2020-31,5
FL607,2020-33,2021-7,27
FL608,2018-9,2018-15,7
FL608,2018-19,2018-27,9
FL608,2018-33,2018-37,5
FL608,2018-41,2018-47,7
FL608,2018-49,2019-5,9
FL608,2019-7,2019-13,7
FL608,2019-15,2019-23,9
FL608,2019-25,2019-32,8
FL608,2019-37,2019-40,4
FL608,2020-1,2020-13,13
FL608,2020-16,2020-22,7
FL608,2020-24,2020-34,11
FL608,2020-37,2020-41,5
FL608,2020-48,2021-1,6
FL608,2021-3,2021-7,5
FL609,2019-11,2019-15,5
FL609,2019-21,2019-25,5
FL609,2019-47,2019-51,5
FL609,2020-3,2020-15,13
FL609,2020-17,2020-20,4
FL609,2020-47,2021-2,8
FL609,2021-6,2021-9,4
FL61,2019-3,2019-7,5
FL61,2019-17,2019-20,4
FL61,2020-6,2020-9,4
FL61,2020-11,2020-15,5
FL610,2018-3,2018-7,5
FL610,2020-51,2021-4,6
FL611,2018-1,2018-9,9
FL611,2018-11,2018-21,11
FL611,2018-27,2018-30,4
FL611,2018-39,2019-2,16
FL611,2019-41,2019-49,9
FL611,2020-1,2020-4,4
FL612,2018-1,2018-34,34
FL612,2018-36,2019-5,22
FL612,2019-20,2019-23,4
FL612,2019-41,2020-8,20
FL612,2020-10,2020-15,6
FL612,2020-23,2021-4,34
FL613,2018-24,2018-27,4
FL613,2018-32,2018-38,7
FL613,2019-17,2019-20,4
FL613,2019-23,2019-26,4
FL614,2018-1,2018-16,16
FL614,2018-33,2018-37,5
FL614,2019-22,2019-25,4
FL617,2018-29,2018-35,7
FL617,2018-42,2018-46,5
FL617,2019-14,2019-20,7
FL617,2019-22,2019-31,10
FL617,2019-43,2019-51,9
FL617,2020-1,2020-6,6
FL617,2020-9,2020-13,5
FL617,2020-15,2020-21,7
FL617,2020-25,2020-28,4
FL617,2020-37,2020-44,8
FL617,2020-49,2021-3,7
FL617,2021-7,2021-13,7
FL618,2018-2,2018-13,12
FL618,2018-19,2018-25,7
FL618,2018-27,2018-30,4
FL618,2018-32,2018-36,5
FL618,2018-39,2018-51,13
FL618,2019-1,2019-10,10
FL618,2019-12,2019-15,4
FL618,2019-21,2019-28,8
FL618,2019-38,2019-43,6
FL618,2019-48,2020-7,12
FL618,2020-9,2020-17,9
FL618,2020-20,2020-23,4
FL618,2020-31,2020-34,4
FL618,2020-44,2021-13,22
FL619,2018-31,2018-37,7
FL619,2018-43,2019-4,14
FL619,2019-6,2019-13,8
FL619,2019-15,2019-25,11
FL619,2019-31,2019-46,16
FL619,2019-48,2020-18,23
FL619,2020-25,2020-28,4
FL619,2020-30,2020-39,10
FL619,2020-43,2020-49,7
FL62,2018-2,2018-6,5
FL62,2018-20,2018-26,7
FL62,2019-16,2019-29,14
FL62,2020-26,2020-30,5
FL620,2018-3,2018-9,7
FL620,2018-11,2018-23,13
FL620,2018-29,2018-33,5
FL620,2018-48,2019-7,12
FL620,2019-42,2019-47,6
FL620,2020-2,2020-6,5
FL620,2020-30,2021-13,36
FL621,2018-28,2018-45,18
FL621,2018-50,2019-1,4
FL622,2018-2,2018-40,39
FL622,2018-46,2019-2,9
FL622,2019-5,2019-8,4
FL622,2019-12,2019-15,4
FL622,2019-17,2019-24,8
FL622,2019-49,2020-2,6
FL622,2020-27,2020-41,15
FL622,2020-43,2021-2,12
FL622,2021-9,2021-13,5
FL623,2018-2,2018-6,5
FL623,2018-8,2018-34,27
FL623,2018-36,2018-46,11
FL623,2019-2,2019-5,4
FL623,2020-39,2021-1,15
FL623,2021-3,2021-8,6
FL624,2018-2,2018-6,5
FL624,2018-12,2018-22,11
FL624,2018-26,2018-31,6
FL624,2018-37,2018-41,5
FL624,2018-45,2018-48,4
FL624,2019-43,2019-46,4
FL624,2020-38,2021-13,28
FL625,2018-1,2018-10,10
FL625,2018-12,2018-28,17
FL625,2018-39,2018-42,4
FL625,2019-22,2019-26,5
FL625,2020-9,2020-13,5
FL625,2020-22,2020-34,13
FL625,2020-36,2020-42,7
FL625,2020-44,2020-48,5
FL625,2020-50,2021-8,11
FL626,2020-35,2020-41,7
FL626,2020-47,2021-13,19
FL627,2020-30,2020-35,6
FL627,2020-46,2021-9,16
FL628,2021-2,2021-6,5
FL628,2021-8,2021-12,5
FL63,2018-32,2018-35,4
FL63,2019-7,2019-10,4
FL63,2019-17,2019-20,4
FL63,2020-16,2020-24,9
FL63,2021-7,2021-13,7
FL630,2020-37,2020-47,11
FL630,2020-50,2021-10,13
FL632,2018-52,2019-4,5
FL633,2018-7,2018-10,4
FL633,2020-24,2020-27,4
FL634,2020-3,2020-7,5
FL634,2020-11,2020-15,5
FL634,2020-46,2020-49,4
FL634,2021-5,2021-8,4
FL635,2018-3,2018-7,5
FL635,2018-9,2018-14,6
FL635,2018-18,2018-30,13
FL635,2019-29,2019-32,4
FL636,2018-14,2018-22,9
FL636,2018-29,2018-33,5
FL636,2019-19,2019-31,13
FL636,2020-24,2020-31,8
FL636,2020-37,2020-41,5
FL636,2020-43,2020-52,10
FL636,2021-2,2021-13,12
FL637,2018-9,2018-15,7
FL637,2018-17,2018-30,14
FL637,2018-32,2018-35,4
FL637,2019-3,2019-6,4
FL637,2020-13,2020-17,5
FL637,2020-52,2021-6,7
FL638,2018-1,2018-22,22
FL638,2018-24,2018-27,4
FL638,2018-29,2018-34,6
FL638,2018-38,2019-3,18
FL638,2019-7,2019-12,6
FL638,2019-15,2019-27,13
FL638,2019-30,2019-34,5
FL638,2019-48,2020-2,7
FL638,2020-4,2020-7,4
FL638,2020-10,2020-27,18
FL638,2020-29,2020-37,9
FL638,2020-39,2020-46,8
FL639,2019-34,2019-39,6
FL639,2019-41,2019-44,4
FL64,2020-8,2020-12,5
FL640,2018-3,2018-7,5
FL640,2018-13,2018-27,15
FL640,2018-29,2018-39,11
FL640,2018-41,2018-47,7
FL640,2018-49,2019-4,8
FL640,2019-11,2019-15,5
FL640,2019-17,2019-25,9
FL641,2018-1,2018-7,7
FL641,2018-17,2018-35,19
FL641,2018-47,2018-52,6
FL641,2019-9,2019-12,4
FL641,2019-16,2019-22,7
FL641,2019-24,2019-34,11
FL641,2020-6,2020-9,4
FL641,2020-23,2020-28,6
FL642,2018-47,2018-52,6
FL642,2019-16,2019-22,7
FL642,2020-12,2020-16,5
FL642,2020-18,2020-26,9
FL642,2020-38,2020-42,5
FL642,2020-44,2021-1,10
FL643,2018-8,2018-24,17
FL643,2018-26,2018-41,16
FL643,2018-44,2019-20,29
FL643,2019-22,2019-31,10
FL643,2019-42,2019-50,9
FL643,2019-52,2020-4,5
FL643,2020-18,2020-27,10
FL643,2020-32,2020-35,4
FL643,2020-43,2021-13,23
FL644,2018-2,2018-6,5
FL644,2018-51,2019-2,4
FL644,2019-24,2019-30,7
FL644,2020-43,2021-5,15
FL645,2018-15,2018-21,7
FL645,2018-49,2019-3,7
FL645,2019-46,2019-49,4
FL645,2020-43,2021-2,12
FL646,2018-37,2018-50,14
FL646,2019-7,2019-11,5
FL646,2019-22,2019-27,6
FL646,2020-13,2020-16,4
FL646,2020-19,2020-23,5
FL646,2020-25,2020-28,4
FL646,2020-35,2020-38,4
FL646,2020-40,2020-51,12
FL646,2021-1,2021-11,11
FL647,2018-2,2018-10,9
FL647,2019-19,2019-22,4
FL647,2019-24,2019-30,7
FL647,2019-40,2019-49,10
FL647,2019-51,2020-10,12
FL647,2020-12,2020-18,7
FL647,2020-28,2020-33,6
FL648,2018-44,2019-4,13
FL648,2019-46,2019-50,5
FL648,2019-52,2020-6,7
FL648,2020-15,2020-19,5
FL648,2020-28,2020-33,6
FL648,2020-35,2021-13,31
FL649,2018-19,2018-25,7
FL649,2018-46,2019-1,8
FL649,2019-24,2019-27,4
FL649,2019-34,2019-38,5
FL649,2019-43,2019-47,5
FL65,2018-3,2018-7,5
FL65,2018-11,2018-25,15
FL65,2018-33,2018-39,7
FL65,2019-17,2019-29,13
FL65,2019-41,2019-46,6
FL65,2020-1,2020-9,9
FL65,2020-47,2021-2,8
FL650,2018-41,2018-46,6
FL650,2019-15,2019-21,7
FL650,2019-27,2019-31,5
FL650,2019-33,2019-36,4
FL652,2018-30,2018-33,4
FL652,2018-35,2018-39,5
FL652,2018-49,2019-1,5
FL652,2019-23,2019-26,4
FL652,2019-31,2019-35,5
FL652,2020-34,2020-43,10
FL652,2020-45,2020-51,7
FL652,2021-1,2021-8,8
FL652,2021-10,2021-13,4
FL653,2018-1,2018-11,11
FL653,2018-13,2018-23,11
FL653,2018-27,2019-2,28
FL653,2019-12,2019-24,13
FL653,2019-26,2019-29,4
FL653,2020-1,2020-5,5
FL653,2020-32,2020-37,6
FL653,2020-39,2021-13,27
FL654,2018-2,2018-7,6
FL654,2018-14,2018-29,16
FL654,2018-36,2018-40,5
FL654,2018-43,2019-1,11
FL654,2019-14,2019-19,6
FL654,2019-21,2019-28,8
FL654,2019-44,2019-51,8
FL654,2020-22,2021-13,44
FL655,2018-10,2018-22,13
FL655,2018-24,2018-34,11
FL655,2018-40,2019-4,17
FL655,2019-40,2019-47,8
FL655,2019-49,2020-2,6
FL655,2020-7,2020-33,27
FL655,2020-35,2020-45,11
FL656,2021-4,2021-8,5
FL657,2020-36,2020-39,4
FL657,2020-41,2020-45,5
FL657,2021-3,2021-13,11
FL658,2020-22,2020-28,7
FL659,2018-41,2018-45,5
FL659,2019-21,2019-25,5
FL659,2019-27,2019-32,6
FL659,2019-51,2020-3,5
FL659,2020-21,2020-26,6
FL659,2020-28,2020-34,7
FL659,2020-36,2021-12,29
FL66,2018-1,2018-25,25
FL66,2018-27,2018-34,8
FL66,2020-14,2020-19,6
FL66,2020-52,2021-13,14
FL660,2018-19,2018-25,7
FL660,2018-40,2018-52,13
FL660,2019-32,2019-35,4
FL660,2019-46,2019-50,5
FL660,2020-47,2021-1,7
FL662,2018-1,2018-6,6
FL662,2018-8,2018-14,7
FL662,2018-16,2018-32,17
FL662,2018-48,2018-51,4
FL662,2019-20,2019-28,9
FL662,2019-35,2019-38,4
FL662,2019-43,2019-46,4
FL662,2020-26,2020-30,5
FL662,2020-39,2020-42,4
FL662,2020-44,2021-9,18
FL663,2018-1,2018-14,14
FL663,2018-16,2018-25,10
FL663,2018-27,2018-32,6
FL663,2018-34,2018-41,8
FL663,2019-22,2019-30,9
FL663,2019-44,2019-50,7
FL663,2019-52,2020-8,9
FL663,2020-17,2020-20,4
FL663,2020-22,2020-30,9
FL663,2020-32,2020-36,5
FL663,2020-38,2020-43,6
FL663,2020-45,2021-2,10
FL663,2021-4,2021-13,10
FL664,2019-13,2019-17,5
FL664,2019-19,2019-33,15
FL664,2020-23,2020-26,4
FL664,2020-37,2020-41,5
FL664,2020-45,2021-1,9
FL664,2021-3,2021-13,11
FL665,2018-10,2018-22,13
FL665,2018-29,2018-32,4
FL665,2019-17,2019-30,14
FL665,2020-24,2020-28,5
FL665,2020-30,2021-13,36
FL666,2020-52,2021-5,6
FL667,2019-19,2019-25,7
FL667,2019-27,2019-30,4
FL667,2019-52,2020-3,4
FL667,2020-5,2020-9,5
FL667,2020-19,2020-23,5
FL667,2020-41,2020-51,11
FL667,2021-1,2021-13,13
FL668,2018-3,2018-10,8
FL668,2018-12,2018-24,13
FL668,2019-19,2019-29,11
FL668,2020-22,2020-28,7
FL668,2020-33,2021-13,33
FL669,2018-10,2018-13,4
FL669,2018-17,2018-20,4
FL669,2018-22,2018-25,4
FL669,2019-20,2019-24,5
FL669,2019-44,2019-50,7
FL669,2019-52,2020-6,7
FL669,2020-16,2020-47,32
FL669,2020-49,2021-2,6
FL669,2021-4,2021-10,7
FL67,2018-1,2018-12,12
FL67,2018-15,2018-22,8
FL67,2018-28,2018-32,5
FL67,2020-40,2020-43,4
FL67,2020-49,2021-7,11
FL670,2018-9,2018-24,16
FL670,2018-26,2018-33,8
FL670,2018-38,2018-41,4
FL670,2018-47,2018-51,5
FL670,2019-17,2019-27,11
FL670,2019-29,2019-33,5
FL670,2019-35,2019-38,4
FL670,2020-8,2020-18,11
FL670,2020-22,2020-25,4
FL670,2020-27,2020-32,6
FL670,2020-36,2021-13,30
FL671,2018-5,2018-25,21
FL671,2018-27,2018-42,16
FL671,2019-15,2019-27,13
FL671,2019-44,2019-47,4
FL671,2019-52,2020-4,5
FL671,2020-29,2020-32,4
FL671,2020-37,2020-41,5
FL671,2020-45,2020-51,7
FL671,2021-1,2021-13,13
FL672,2019-19,2019-22,4
FL672,2020-11,2020-14,4
FL672,2020-24,2020-33,10
FL672,2020-35,2020-38,4
FL672,2020-40,2021-3,16
FL673,2018-5,2018-8,4
FL673,2018-10,2018-24,15
FL673,2020-33,2020-36,4
FL673,2020-43,2021-13,23
FL675,2018-2,2018-5,4
FL675,2018-11,2018-29,19
FL675,2018-36,2018-40,5
FL675,2020-33,2020-36,4
FL675,2020-48,2021-1,6
FL675,2021-3,2021-7,5
FL675,2021-9,2021-13,5
FL676,2020-22,2020-28,7
FL676,2020-35,2020-49,15
FL677,2018-47,2019-1,7
FL677,2020-25,2020-28,4
FL677,2020-37,2020-47,11
FL678,2018-15,2018-19,5
FL678,2019-1,2019-4,4
FL678,2020-47,2021-13,19
FL679,2018-20,2018-24,5
FL679,2018-42,2018-47,6
FL679,2020-38,2020-41,4
FL68,2018-5,2018-8,4
FL68,2018-10,2018-14,5
FL68,2018-18,2018-23,6
FL68,2019-50,2020-2,5
FL68,2020-28,2020-32,5
FL680,2018-1,2019-5,57
FL680,2019-10,2019-31,22
FL680,2019-38,2021-13,80
FL681,2018-1,2018-24,24
FL681,2018-26,2018-34,9
FL681,2018-46,2019-2,9
FL681,2019-9,2019-12,4
FL681,2019-21,2019-26,6
FL681,2019-28,2019-34,7
FL681,2019-42,2019-50,9
FL681,2019-52,2020-4,5
FL681,2020-6,2020-9,4
FL681,2020-11,2021-7,49
FL681,2021-10,2021-13,4
FL682,2018-1,2018-34,34
FL682,2018-37,2018-46,10
FL682,2018-48,2019-4,9
FL682,2019-16,2019-25,10
FL682,2019-27,2019-30,4
FL682,2019-52,2020-9,10
FL682,2020-15,2020-25,11
FL682,2020-37,2020-42,6
FL682,2020-47,2020-51,5
FL682,2021-1,2021-11,11
FL683,2020-40,2020-46,7
FL683,2020-48,2020-51,4
FL683,2021-5,2021-10,6
FL684,2018-1,2018-8,8
FL684,2018-12,2018-21,10
FL684,2018-23,2019-4,34
FL684,2019-11,2019-19,9
FL684,2019-21,2019-39,19
FL684,2019-41,2019-51,11
FL684,2020-21,2020-27,7
FL684,2020-29,2020-39,11
FL684,2020-41,2020-51,11
FL684,2021-1,2021-7,7
FL684,2021-9,2021-13,5
FL685,2018-1,2018-24,24
FL685,2018-27,2018-34,8
FL685,2018-38,2018-45,8
FL685,2018-50,2019-3,6
FL685,2019-5,2019-29,25
FL685,2019-31,2019-35,5
FL685,2019-39,2019-49,11
FL685,2019-52,2020-34,35
FL685,2020-40,2021-13,26
FL686,2018-16,2018-21,6
FL686,2018-26,2018-33,8
FL686,2018-35,2018-39,5
FL686,2019-20,2019-23,4
FL686,2019-26,2019-30,5
FL686,2019-35,2019-38,4
FL686,2020-15,2020-20,6
FL686,2020-22,2020-27,6
FL686,2020-39,2020-42,4
FL686,2020-44,2020-50,7
FL688,2018-40,2018-47,8
FL688,2019-52,2020-4,5
FL689,2018-35,2018-39,5
FL689,2019-44,2019-48,5
FL689,2020-11,2020-14,4
FL689,2020-18,2020-25,8
FL689,2020-27,2020-32,6
FL689,2020-39,2021-13,27
FL690,2018-20,2018-25,6
FL690,2018-27,2018-35,9
FL690,2018-42,2018-45,4
FL690,2018-47,2019-1,7
FL690,2020-19,2020-31,13
FL690,2020-42,2021-5,16
FL690,2021-9,2021-13,5
FL691,2018-16,2018-23,8
FL691,2018-25,2018-37,13
FL691,2018-51,2019-2,4
FL691,2020-45,2020-51,7
FL691,2021-1,2021-7,7
FL692,2020-38,2021-6,21
FL692,2021-8,2021-13,6
FL693,2018-2,2018-6,5
FL693,2018-8,2018-18,11
FL693,2019-49,2020-3,7
FL693,2020-39,2020-43,5
FL693,2020-49,2021-13,17
FL694,2018-3,2018-6,4
FL694,2018-11,2018-21,11
FL694,2018-29,2018-32,4
FL694,2018-43,2018-52,10
FL694,2019-42,2019-47,6
FL694,2020-1,2020-4,4
FL694,2020-36,2020-48,13
FL694,2020-50,2021-7,10
FL694,2021-9,2021-13,5
FL695,2018-18,2018-23,6
FL696,2018-1,2018-9,9
FL696,2018-11,2018-14,4
FL696,2018-16,2018-29,14
FL696,2018-47,2018-50,4
FL696,2019-11,2019-15,5
FL696,2019-18,2019-31,14
FL696,2020-32,2020-38,7
FL696,2020-44,2020-47,4
FL696,2020-49,2021-5,9
FL697,2018-1,2018-4,4
FL697,2018-13,2018-25,13
FL697,2018-39,2018-43,5
FL697,2019-15,2019-23,9
FL697,2019-26,2019-32,7
FL698,2018-3,2018-6,4
FL698,2018-13,2018-22,10
FL698,2019-16,2019-19,4
FL698,2019-21,2019-27,7
FL698,2019-35,2019-39,5
FL698,2020-50,2021-8,11
FL699,2018-8,2018-33,26
FL699,2018-36,2018-45,10
FL699,2019-32,2019-37,6
FL699,2020-48,2021-2,7
FL7,2018-2,2018-9,8
FL7,2018-11,2018-14,4
FL7,2018-25,2018-29,5
FL7,2018-41,2018-44,4
FL7,2019-1,2019-4,4
FL7,2019-6,2019-9,4
FL7,2019-13,2019-18,6
FL7,2019-25,2019-37,13
FL7,2019-44,2020-17,26
FL7,2020-31,2020-34,4
FL7,2020-38,2021-13,28
FL70,2018-5,2018-24,20
FL70,2018-26,2018-29,4
FL70,2019-42,2019-47,6
FL70,2020-1,2020-4,4
FL70,2020-6,2020-33,28
FL70,2020-35,2020-43,9
FL70,2020-45,2021-10,18
FL700,2018-45,2018-50,6
FL700,2019-6,2019-10,5
FL701,2018-10,2018-15,6
FL701,2018-18,2018-29,12
FL701,2018-31,2018-37,7
FL701,2019-11,2019-21,11
FL701,2019-26,2019-39,14
FL701,2019-44,2019-47,4
FL701,2020-25,2020-30,6
FL701,2020-32,2020-37,6
FL701,2020-41,2021-13,25
FL702,2018-3,2018-30,28
FL702,2018-36,2018-44,9
FL702,2018-46,2018-50,5
FL702,2018-52,2019-4,5
FL702,2019-14,2019-27,14
FL702,2019-29,2019-33,5
FL702,2019-52,2020-44,45
FL702,2020-52,2021-7,8
FL702,2021-9,2021-13,5
FL703,2018-21,2018-24,4
FL704,2018-1,2018-14,14
FL704,2018-16,2018-22,7
FL704,2021-5,2021-11,7
FL705,2018-3,2018-18,16
FL705,2018-32,2018-37,6
FL705,2019-14,2019-23,10
FL705,2020-18,2020-24,7
FL705,2020-43,2020-46,4
FL705,2020-52,2021-5,6
FL706,2020-22,2020-25,4
FL707,2020-1,2020-4,4
FL707,2020-26,2020-34,9
FL707,2020-46,2020-50,5
FL707,2020-52,2021-11,12
FL708,2018-9,2018-13,5
FL708,2018-15,2018-35,21
FL708,2018-37,2018-41,5
FL708,2018-46,2018-50,5
FL708,2019-4,2019-10,7
FL708,2019-12,2019-18,7
FL708,2019-21,2019-25,5
FL708,2020-31,2020-37,7
FL708,2020-39,2020-43,5
FL708,2020-45,2020-49,5
FL708,2021-5,2021-8,4
FL709,2018-1,2018-6,6
FL709,2018-10,2019-2,45
FL709,2019-6,2019-9,4
FL709,2019-19,2019-24,6
FL709,2019-27,2019-30,4
FL709,2020-22,2020-29,8
FL709,2020-42,2020-50,9
FL709,2020-52,2021-13,14
FL71,2018-3,2018-11,9
FL71,2019-13,2019-17,5
FL71,2019-47,2020-9,15
FL71,2020-19,2020-22,4
FL71,2020-24,2020-27,4
FL71,2020-29,2020-33,5
FL710,2018-14,2018-25,12
FL710,2019-16,2019-19,4
FL710,2019-22,2019-25,4
FL710,2020-25,2021-7,35
FL711,2018-1,2018-10,10
FL711,2018-12,2018-25,14
FL711,2019-14,2019-19,6
FL711,2019-21,2019-28,8
FL711,2020-17,2020-21,5
FL711,2020-23,2020-33,11
FL711,2020-35,2020-48,14
FL711,2021-3,2021-6,4
FL713,2019-52,2020-3,4
FL713,2020-20,2020-30,11
FL713,2020-32,2020-44,13
FL713,2020-46,2021-8,15
FL713,2021-10,2021-13,4
FL714,2018-2,2018-6,5
FL714,2019-19,2019-28,10
FL714,2019-50,2020-2,5
FL714,2020-18,2020-21,4
FL714,2020-23,2020-28,6
FL714,2020-31,2020-35,5
FL714,2020-45,2021-1,9
FL714,2021-3,2021-7,5
FL715,2018-9,2018-12,4
FL715,2018-18,2018-22,5
FL715,2020-30,2020-33,4
FL716,2020-38,2020-44,7
FL716,2020-46,2020-50,5
FL717,2020-23,2020-26,4
FL718,2018-14,2018-31,18
FL718,2018-38,2018-41,4
FL718,2019-24,2019-32,9
FL718,2019-42,2019-50,9
FL718,2019-52,2020-4,5
FL718,2020-21,2020-28,8
FL719,2019-51,2020-11,13
FL719,2020-13,2020-16,4
FL719,2020-18,2020-28,11
FL719,2020-30,2020-38,9
FL719,2020-40,2021-11,24
FL72,2018-1,2018-31,31
FL72,2018-33,2018-36,4
FL72,2018-38,2018-41,4
FL72,2018-46,2018-49,4
FL72,2019-1,2019-6,6
FL72,2019-10,2019-25,16
FL72,2020-3,2020-7,5
FL72,2020-9,2020-12,4
FL72,2020-26,2020-29,4
FL72,2020-44,2021-13,22
FL720,2019-44,2019-48,5
FL720,2020-20,2020-23,4
FL720,2020-25,2020-36,12
FL720,2020-47,2021-13,19
FL721,2018-4,2018-7,4
FL721,2018-16,2018-19,4
FL721,2018-21,2018-24,4
FL721,2020-37,2020-42,6
FL721,2020-44,2021-8,17
FL722,2020-51,2021-10,12
FL723,2018-4,2018-18,15
FL723,2018-22,2018-28,7
FL723,2018-31,2018-34,4
FL723,2019-11,2019-14,4
FL723,2019-16,2019-34,19
FL723,2019-42,2019-45,4
FL723,2019-47,2019-51,5
FL723,2020-1,2020-5,5
FL723,2020-27,2020-31,5
FL723,2020-33,2020-41,9
FL723,2020-43,2020-49,7
FL723,2020-51,2021-3,5
FL724,2018-1,2018-8,8
FL724,2018-17,2018-22,6
FL724,2018-28,2018-32,5
FL724,2019-14,2019-21,8
FL724,2019-23,2019-28,6
FL724,2020-25,2020-47,23
FL724,2020-49,2021-13,17
FL725,2018-1,2018-11,11
FL725,2018-15,2018-22,8
FL725,2019-22,2019-30,9
FL725,2019-32,2019-48,17
FL725,2020-7,2020-15,9
FL725,2020-17,2020-29,13
FL725,2020-31,2020-43,13
FL725,2020-47,2020-50,4
FL725,2021-2,2021-5,4
FL725,2021-7,2021-12,6
FL726,2020-22,2020-26,5
FL727,2020-23,2020-29,7
FL729,2019-17,2019-21,5
FL729,2019-25,2019-28,4
FL729,2019-47,2019-50,4
FL73,2018-2,2018-7,6
FL73,2018-13,2018-16,4
FL73,2018-24,2018-27,4
FL73,2018-38,2018-41,4
FL73,2018-52,2019-3,4
FL73,2019-33,2019-36,4
FL73,2020-32,2020-37,6
FL73,2020-43,2020-51,9
FL73,2021-1,2021-6,6
FL730,2020-45,2020-51,7
FL731,2018-47,2019-1,7
FL731,2019-7,2019-10,4
FL731,2019-19,2019-26,8
FL731,2019-30,2019-33,4
FL731,2020-46,2020-51,6
FL732,2018-3,2019-4,54
FL732,2019-8,2019-17,10
FL732,2019-19,2019-31,13
FL732,2019-34,2019-39,6
FL732,2019-43,2019-46,4
FL732,2019-48,2020-11,16
FL732,2020-19,2020-33,15
FL732,2020-41,2020-49,9
FL732,2020-51,2021-4,6
FL732,2021-6,2021-13,8
FL733,2018-17,2018-21,5
FL733,2018-31,2018-39,9
FL733,2020-1,2020-5,5
FL733,2020-34,2020-37,4
FL733,2020-45,2021-2,10
FL733,2021-10,2021-13,4
FL735,2018-3,2018-24,22
FL735,2018-40,2018-50,11
FL735,2020-2,2020-8,7
FL735,2020-51,2021-7,9
FL736,2018-24,2018-32,9
FL736,2018-34,2018-39,6
FL736,2018-44,2018-51,8
FL736,2019-4,2019-7,4
FL736,2019-52,2020-3,4
FL736,2020-27,2020-34,8
FL736,2020-45,2021-7,15
FL737,2021-4,2021-8,5
FL738,2018-17,2018-28,12
FL738,2018-50,2019-2,5
FL738,2020-12,2020-17,6
FL738,2020-26,2020-36,11
FL738,2020-45,2021-10,18
FL740,2019-24,2019-29,6
FL742,2019-21,2019-24,4
FL742,2019-26,2019-37,12
FL742,2019-44,2019-48,5
FL742,2019-52,2020-17,18
FL742,2020-19,2020-28,10
FL743,2020-3,2020-8,6
FL743,2020-10,2020-17,8
FL743,2020-19,2020-25,7
FL743,2020-49,2021-13,17
FL745,2018-23,2018-41,19
FL745,2018-48,2018-52,5
FL745,2019-11,2019-20,10
FL745,2019-27,2019-30,4
FL745,2019-38,2019-41,4
FL745,2021-3,2021-8,6
FL748,2018-17,2018-22,6
FL748,2018-24,2018-27,4
FL748,2019-18,2019-22,5
FL748,2019-24,2019-29,6
FL748,2020-48,2020-52,5
FL749,2018-4,2018-7,4
FL75,2020-25,2020-29,5
FL75,2020-32,2020-36,5
FL750,2018-19,2018-25,7
FL752,2018-1,2018-28,28
FL752,2018-36,2018-43,8
FL752,2018-51,2019-6,8
FL752,2019-18,2019-22,5
FL752,2020-5,2020-8,4
FL752,2020-17,2020-26,10
FL752,2020-30,2020-45,16
FL752,2020-47,2021-7,13
FL758,2018-27,2018-30,4
FL758,2018-49,2019-11,15
FL758,2019-13,2019-17,5
FL758,2019-33,2019-36,4
FL758,2020-10,2020-14,5
FL758,2020-24,2020-27,4
FL759,2018-19,2018-23,5
FL759,2018-27,2018-30,4
FL759,2018-32,2018-35,4
FL759,2018-37,2019-3,19
FL759,2019-9,2019-17,9
FL759,2019-23,2019-27,5
FL759,2020-2,2020-6,5
FL759,2020-20,2020-25,6
FL759,2020-28,2020-35,8
FL759,2021-1,2021-6,6
FL759,2021-8,2021-13,6
FL76,2018-1,2018-29,29
FL76,2018-36,2018-41,6
FL76,2018-43,2018-46,4
FL76,2018-50,2019-1,4
FL76,2019-4,2019-10,7
FL76,2019-17,2019-20,4
FL76,2019-22,2019-25,4
FL76,2019-38,2019-41,4
FL76,2019-52,2020-11,12
FL76,2020-16,2020-30,15
FL76,2020-32,2020-44,13
FL76,2021-3,2021-13,11
FL760,2021-2,2021-7,6
FL761,2020-46,2020-51,6
FL764,2019-48,2019-51,4
FL764,2020-1,2020-17,17
FL764,2020-39,2021-4,18
FL765,2019-49,2019-52,4
FL766,2018-50,2019-1,4
FL768,2018-9,2018-15,7
FL768,2018-17,2018-24,8
FL768,2018-26,2018-30,5
FL768,2018-37,2018-40,4
FL768,2018-44,2018-47,4
FL768,2018-51,2019-2,4
FL768,2019-12,2019-17,6
FL768,2019-19,2019-32,14
FL768,2019-41,2019-49,9
FL769,2018-21,2018-25,5
FL769,2018-44,2018-48,5
FL769,2019-14,2019-18,5
FL769,2019-42,2019-46,5
FL769,2020-30,2020-33,4
FL769,2020-35,2020-43,9
FL769,2020-45,2020-51,7
FL769,2021-1,2021-10,10
FL77,2020-45,2020-48,4
FL77,2020-50,2021-2,5
FL77,2021-8,2021-13,6
FL776,2018-1,2018-21,21
FL776,2018-27,2018-40,14
FL776,2018-42,2019-1,12
FL776,2021-1,2021-13,13
FL777,2018-1,2018-8,8
FL777,2018-10,2018-29,20
FL777,2018-38,2019-2,17
FL777,2019-22,2019-27,6
FL777,2019-29,2019-32,4
FL777,2019-44,2019-49,6
FL777,2019-51,2020-3,5
FL777,2020-6,2020-11,6
FL777,2020-27,2020-34,8
FL777,2020-40,2021-13,26
FL78,2018-1,2018-24,24
FL78,2018-27,2018-34,8
FL78,2018-36,2019-3,20
FL78,2019-18,2019-21,4
FL78,2019-50,2020-6,9
FL78,2020-19,2020-24,6
FL78,2020-35,2021-7,25
FL78,2021-9,2021-13,5
FL783,2018-1,2018-5,5
FL783,2018-7,2018-13,7
FL783,2018-22,2018-28,7
FL783,2019-20,2019-23,4
FL783,2019-25,2019-28,4
FL783,2020-11,2020-14,4
FL783,2020-21,2020-24,4
FL783,2020-26,2020-31,6
FL783,2020-34,2020-37,4
FL783,2021-5,2021-8,4
FL798,2019-21,2019-26,6
FL798,2020-1,2020-4,4
FL798,2020-35,2020-45,11
FL798,2020-47,2020-50,4
FL8,2018-1,2018-19,19
FL8,2018-24,2018-27,4
FL8,2018-43,2018-48,6
FL8,2018-50,2019-3,6
FL8,2019-5,2019-10,6
FL8,2019-19,2019-32,14
FL8,2019-46,2019-49,4
FL8,2019-51,2020-11,13
FL8,2020-22,2020-35,14
FL8,2020-49,2021-6,10
FL8,2021-8,2021-13,6
FL800,2018-22,2018-25,4
FL800,2019-52,2020-3,4
FL800,2020-23,2020-26,4
FL800,2021-9,2021-13,5
FL802,2019-48,2020-1,6
FL803,2018-30,2018-33,4
FL803,2019-20,2019-28,9
FL803,2019-30,2019-33,4
FL803,2020-2,2020-7,6
FL804,2018-10,2018-17,8
FL804,2018-29,2018-33,5
FL804,2019-22,2019-32,11
FL804,2020-2,2020-8,7
FL806,2018-42,2018-46,5
FL806,2019-24,2019-30,7
FL806,2019-42,2019-45,4
FL806,2019-50,2020-3,6
FL807,2018-26,2018-30,5
FL807,2018-37,2018-42,6
FL807,2018-50,2019-2,5
FL807,2019-21,2019-27,7
FL807,2019-36,2020-3,20
FL807,2020-14,2020-28,15
FL807,2020-42,2020-45,4
FL808,2019-17,2019-21,5
FL808,2020-17,2020-21,5
FL809,2019-33,2019-36,4
FL809,2020-46,2020-49,4
FL81,2018-4,2018-10,7
FL81,2018-35,2018-38,4
FL81,2018-42,2018-46,5
FL81,2019-20,2019-25,6
FL81,2019-27,2019-32,6
FL81,2019-44,2020-27,36
FL81,2020-29,2020-34,6
FL81,2020-36,2021-13,30
FL810,2020-34,2020-38,5
FL810,2021-2,2021-5,4
FL811,2019-6,2019-10,5
FL811,2019-12,2019-19,8
FL811,2019-41,2019-44,4
FL811,2020-2,2020-28,27
FL811,2020-36,2020-39,4
FL811,2020-44,2021-2,11
FL811,2021-5,2021-8,4
FL812,2019-16,2019-20,5
FL812,2019-49,2019-52,4
FL812,2020-2,2020-5,4
FL812,2020-20,2020-25,6
FL812,2020-41,2020-47,7
FL812,2021-1,2021-4,4
FL814,2019-9,2019-13,5
FL814,2020-5,2020-11,7
FL814,2020-13,2020-23,11
FL814,2020-47,2020-51,5
FL815,2019-16,2019-20,5
FL815,2019-42,2019-45,4
FL815,2020-46,2020-49,4
FL818,2019-25,2019-28,4
FL818,2019-30,2019-34,5
FL818,2019-48,2019-51,4
FL819,2019-3,2019-6,4
FL820,2019-27,2019-32,6
FL820,2020-13,2020-17,5
FL823,2018-39,2018-42,4
FL823,2019-2,2019-5,4
FL823,2019-17,2019-32,16
FL823,2019-41,2019-46,6
FL823,2019-50,2020-5,8
FL823,2020-10,2020-13,4
FL823,2020-15,2020-27,13
FL823,2020-37,2021-3,19
FL823,2021-6,2021-13,8
FL825,2018-45,2018-49,5
FL825,2019-4,2019-11,8
FL825,2019-31,2019-35,5
FL825,2020-15,2020-18,4
FL825,2020-20,2020-23,4
FL825,2020-25,2020-29,5
FL825,2020-46,2021-5,12
FL825,2021-7,2021-13,7
FL826,2018-1,2018-14,14
FL826,2018-16,2018-36,21
FL826,2018-38,2018-45,8
FL826,2018-47,2019-1,7
FL826,2019-19,2019-23,5
FL826,2019-25,2019-30,6
FL826,2020-1,2020-5,5
FL826,2020-12,2020-17,6
FL826,2020-19,2020-29,11
FL826,2020-31,2020-35,5
FL826,2020-47,2020-50,4
FL826,2021-1,2021-4,4
FL827,2019-40,2019-43,4
FL827,2020-25,2020-30,6
FL827,2021-4,2021-7,4
FL829,2018-24,2018-27,4
FL829,2018-49,2019-1,5
FL829,2019-45,2019-50,6
FL829,2019-52,2020-10,11
FL829,2020-15,2020-20,6
FL829,2020-31,2020-34,4
FL829,2020-40,2020-43,4
FL829,2020-45,2021-3,11
FL83,2018-5,2018-9,5
FL83,2018-21,2018-38,18
FL83,2020-18,2020-25,8
FL83,2020-29,2020-33,5
FL83,2020-45,2021-2,10
FL830,2018-12,2018-15,4
FL830,2018-20,2018-25,6
FL830,2018-40,2019-4,17
FL830,2019-15,2019-21,7
FL830,2019-38,2019-45,8
FL830,2019-47,2020-2,8
FL830,2020-4,2020-23,20
FL830,2020-25,2020-33,9
FL830,2020-35,2020-44,10
FL830,2021-3,2021-7,5
FL830,2021-9,2021-13,5
FL833,2019-15,2019-19,5
FL833,2019-21,2019-27,7
FL833,2020-20,2020-27,8
FL835,2019-51,2020-3,5
FL837,2020-39,2020-42,4
FL84,2018-1,2018-4,4
FL84,2018-8,2018-15,8
FL84,2018-21,2018-39,19
FL84,2020-21,2020-31,11
FL84,2020-34,2020-39,6
FL84,2020-41,2020-47,7
FL84,2020-51,2021-8,10
FL85,2018-26,2018-29,4
FL85,2019-23,2019-28,6
FL85,2020-19,2020-23,5
FL85,2020-25,2020-28,4
FL85,2020-31,2020-34,4
FL85,2021-3,2021-12,10
FL86,2019-16,2019-19,4
FL86,2020-8,2020-11,4
FL86,2020-20,2020-25,6
FL86,2020-30,2020-33,4
FL86,2020-37,2020-41,5
FL86,2020-43,2021-4,14
FL86,2021-10,2021-13,4
FL87,2018-6,2018-10,5
FL87,2020-48,2021-3,8
FL87,2021-7,2021-13,7
FL88,2018-1,2018-9,9
FL88,2018-11,2018-25,15
FL88,2018-27,2018-38,12
FL88,2019-13,2019-18,6
FL88,2019-30,2019-33,4
FL88,2020-3,2020-16,14
FL89,2018-7,2018-11,5
FL89,2018-31,2018-34,4
FL89,2018-36,2018-42,7
FL89,2018-49,2019-7,11
FL89,2020-22,2020-25,4
FL89,2020-41,2020-45,5
FL89,2020-47,2020-50,4
FL89,2021-2,2021-13,12
FL90,2018-40,2018-43,4
FL91,2018-38,2018-42,5
FL91,2020-42,2020-45,4
FL91,2020-52,2021-6,7
FL92,2018-6,2018-9,4
FL92,2020-25,2020-28,4
FL93,2018-1,2018-8,8
FL93,2018-13,2018-18,6
FL93,2018-35,2018-42,8
FL93,2018-47,2018-50,4
FL93,2019-5,2019-9,5
FL93,2019-14,2019-18,5
FL93,2019-20,2019-26,7
FL93,2019-46,2019-50,5
FL93,2020-4,2020-8,5
FL93,2020-49,2021-5,9
FL93,2021-7,2021-13,7
FL94,2019-52,2020-4,5
FL94,2021-5,2021-12,8
FL95,2018-21,2018-32,12
FL95,2018-36,2018-39,4
FL95,2018-43,2018-47,5
FL95,2018-49,2019-3,7
FL95,2019-15,2019-29,15
FL95,2019-51,2020-32,34
FL95,2020-34,2020-39,6
FL95,2020-47,2021-4,10
FL96,2019-18,2019-22,5
FL96,2020-18,2020-21,4
FL97,2018-17,2018-30,14
FL97,2018-48,2019-3,8
FL97,2019-9,2019-12,4
FL97,2019-14,2019-21,8
FL97,2019-23,2019-26,4
FL97,2020-11,2020-17,7
FL97,2020-20,2020-25,6
FL98,2018-22,2018-30,9
FL98,2018-32,2018-35,4
FL98,2018-38,2018-42,5
FL98,2018-44,2018-52,9
FL98,2019-11,2019-15,5
FL98,2019-17,2019-28,12
FL98,2020-3,2020-7,5
FL98,2020-52,2021-10,11
